event;runtime_s;obj;bound;gap_pct;node_count
incumbent;0.006;2630.0;1,00E+100;;
incumbent;0.06;4537.0;4604.0;147.674.674.895.302;
incumbent;0.063;4554.0;4604.0;1.097.935.880.544.550;
incumbent;0.065;4560.0;4604.0;0.9649122807017333;
incumbent;0.084;4583.0;4604.0;0.45821514291947507;
incumbent;0.084;4586.0;4604.0;0.39249890972524215;
incumbent;0.085;4588.0;4604.0;0.34873583260679275;
root_lp;0.086;;4604.0;;
root_lp;0.108;;4595.0;;
root_lp;0.108;;4594.0;;
incumbent;0.112;4588.0;4594.0;0.13077593722754727;
incumbent;0.112;4586.0;4594.0;0.1744439598778854;
root_lp;0.119;;4594.0;;
root_lp;0.129;;4594.0;;
root_lp;0.131;;4594.0;;
root_lp;0.143;;4594.0;;
root_lp;0.144;;4594.0;;
root_lp;0.17;;4594.0;;
incumbent;0.288;4588.0;4594.0;0.13077593722754727;
progress;3.0;4588.0;4592.0;0.08718395815169819;84508
progress;6.0;4588.0;4592.0;0.08718395815169819;265859
progress;9.0;4588.0;4592.0;0.08718395815169819;446405
progress;12.0;4588.0;4592.0;0.08718395815169819;643838
progress;15.025;4588.0;4592.0;0.08718395815169819;828738
progress;18.04;4588.0;4.591.999.999.999.990;0.08718395815167837;1015287
progress;21.04;4588.0;4591.0;0.06538796861377363;1160259
progress;24.07;4588.0;4591.0;0.06538796861377363;1328139
progress;27.07;4588.0;4591.0;0.06538796861377363;1499460
progress;30.114;4588.0;4591.0;0.06538796861377363;1681358
progress;33.114;4588.0;4591.0;0.06538796861377363;1829997
progress;36.114;4588.0;4591.0;0.06538796861377363;1998678
progress;39.145;4588.0;4591.0;0.06538796861377363;2170337
progress;42.176;4588.0;4591.0;0.06538796861377363;2312173
progress;45.176;4588.0;4591.0;0.06538796861377363;2427977
progress;48.176;4588.0;4591.0;0.06538796861377363;2581767
progress;51.204;4588.0;4591.0;0.06538796861377363;2723693
progress;54.279;4588.0;4591.0;0.06538796861377363;2857275
progress;57.295;4588.0;4591.0;0.06538796861377363;3004458
progress;60.332;4588.0;4591.0;0.06538796861377363;3130101
progress;63.332;4588.0;4591.0;0.06538796861377363;3267646
progress;66.345;4588.0;4591.0;0.06538796861377363;3407119
progress;69.386;4588.0;4591.0;0.06538796861377363;3561175
progress;72.396;4588.0;4591.0;0.06538796861377363;3657220
progress;75.401;4588.0;4591.0;0.06538796861377363;3755003
progress;78.425;4588.0;4591.0;0.06538796861377363;3873531
progress;81.425;4588.0;4591.0;0.06538796861377363;4018987
progress;84.457;4588.0;4591.0;0.06538796861377363;4153604
progress;87.457;4588.0;4591.0;0.06538796861377363;4264140
progress;90.483;4588.0;4591.0;0.06538796861377363;4400158
progress;93.518;4588.0;4591.0;0.06538796861377363;4529524
progress;96.518;4588.0;4591.0;0.06538796861377363;4654564
progress;99.547;4588.0;4591.0;0.06538796861377363;4790471
progress;102.547;4588.0;4591.0;0.06538796861377363;4940939
progress;105.555;4588.0;4591.0;0.06538796861377363;5084459
progress;108.555;4588.0;4591.0;0.06538796861377363;5235028
progress;111.593;4588.0;4591.0;0.06538796861377363;5382843
progress;114.607;4588.0;4591.0;0.06538796861377363;5527103
progress;117.63;4588.0;4591.0;0.06538796861377363;5656886
progress;120.667;4588.0;4591.0;0.06538796861377363;5796693
progress;123.674;4588.0;4591.0;0.06538796861377363;5946053
progress;126.674;4588.0;4591.0;0.06538796861377363;6088529
progress;129.688;4588.0;4591.0;0.06538796861377363;6229175
progress;132.688;4588.0;4591.0;0.06538796861377363;6385675
progress;135.725;4588.0;4591.0;0.06538796861377363;6535759
progress;138.725;4588.0;4591.0;0.06538796861377363;6675104
progress;141.725;4588.0;4591.0;0.06538796861377363;6807741
progress;144.74;4588.0;4591.0;0.06538796861377363;6946134
progress;147.74;4588.0;4591.0;0.06538796861377363;7069391
progress;150.74;4588.0;4591.0;0.06538796861377363;7212432
progress;153.756;4588.0;4591.0;0.06538796861377363;7347976
progress;156.776;4588.0;4591.0;0.06538796861377363;7516014
progress;159.776;4588.0;4591.0;0.06538796861377363;7670405
progress;162.81;4588.0;4591.0;0.06538796861377363;7827105
progress;165.838;4588.0;4591.0;0.06538796861377363;7981207
progress;168.839;4588.0;4591.0;0.06538796861377363;8130472
progress;171.839;4588.0;4591.0;0.06538796861377363;8295641
progress;174.857;4588.0;4591.0;0.06538796861377363;8442746
progress;177.899;4588.0;4591.0;0.06538796861377363;8582545
progress;180.899;4588.0;4591.0;0.06538796861377363;8732128
progress;183.933;4588.0;4591.0;0.06538796861377363;8891449
progress;186.933;4588.0;4591.0;0.06538796861377363;9054213
progress;189.933;4588.0;4591.0;0.06538796861377363;9213636
progress;192.933;4588.0;4591.0;0.06538796861377363;9382805
progress;195.943;4588.0;4591.0;0.06538796861377363;9543745
progress;198.943;4588.0;4591.0;0.06538796861377363;9718413
progress;201.982;4588.0;4591.0;0.06538796861377363;9882677
progress;204.982;4588.0;4591.0;0.06538796861377363;10050336
progress;207.982;4588.0;4591.0;0.06538796861377363;10202820
progress;211.012;4588.0;4591.0;0.06538796861377363;10362520
progress;214.012;4588.0;4591.0;0.06538796861377363;10550277
progress;217.012;4588.0;4591.0;0.06538796861377363;10735119
progress;220.043;4588.0;4591.0;0.06538796861377363;10923702
progress;223.045;4588.0;4591.0;0.06538796861377363;11117606
progress;226.066;4588.0;4591.0;0.06538796861377363;11286181
progress;229.066;4588.0;4591.0;0.06538796861377363;11443331
progress;232.104;4588.0;4591.0;0.06538796861377363;11613591
progress;235.121;4588.0;4591.0;0.06538796861377363;11773057
progress;238.137;4588.0;4591.0;0.06538796861377363;11924290
progress;241.137;4588.0;4591.0;0.06538796861377363;12101534
progress;244.137;4588.0;4591.0;0.06538796861377363;12283116
progress;247.139;4588.0;4591.0;0.06538796861377363;12466543
progress;250.139;4588.0;4591.0;0.06538796861377363;12647075
progress;253.161;4588.0;4591.0;0.06538796861377363;12800764
progress;256.194;4588.0;4591.0;0.06538796861377363;12973203
progress;259.194;4588.0;4591.0;0.06538796861377363;13154127
progress;262.205;4588.0;4591.0;0.06538796861377363;13338771
progress;265.205;4588.0;4591.0;0.06538796861377363;13510322
progress;268.205;4588.0;4591.0;0.06538796861377363;13673121
progress;271.205;4588.0;4591.0;0.06538796861377363;13823929
progress;274.205;4588.0;4591.0;0.06538796861377363;13991935
progress;277.205;4588.0;4591.0;0.06538796861377363;14151843
progress;280.241;4588.0;4591.0;0.06538796861377363;14313404
progress;283.279;4588.0;4591.0;0.06538796861377363;14472219
progress;286.29;4588.0;4591.0;0.06538796861377363;14622684
progress;289.29;4588.0;4591.0;0.06538796861377363;14783878
progress;292.317;4588.0;4591.0;0.06538796861377363;14954782
progress;295.324;4588.0;4591.0;0.06538796861377363;15117213
progress;298.324;4588.0;4591.0;0.06538796861377363;15284038
progress;301.324;4588.0;4591.0;0.06538796861377363;15442475
progress;304.352;4588.0;4591.0;0.06538796861377363;15603890
progress;307.378;4588.0;4591.0;0.06538796861377363;15754112
progress;310.378;4588.0;4591.0;0.06538796861377363;15893904
progress;313.393;4588.0;4591.0;0.06538796861377363;16046445
progress;316.428;4588.0;4591.0;0.06538796861377363;16207009
progress;319.43;4588.0;4591.0;0.06538796861377363;16375429
progress;322.467;4588.0;4591.0;0.06538796861377363;16536091
progress;325.471;4588.0;4591.0;0.06538796861377363;16669355
progress;328.471;4588.0;4591.0;0.06538796861377363;16802662
progress;331.498;4588.0;4591.0;0.06538796861377363;16923520
progress;334.502;4588.0;4591.0;0.06538796861377363;17067683
progress;337.502;4588.0;4591.0;0.06538796861377363;17210769
progress;340.522;4588.0;4591.0;0.06538796861377363;17355217
progress;343.537;4588.0;4591.0;0.06538796861377363;17486039
progress;346.537;4588.0;4591.0;0.06538796861377363;17623928
progress;349.547;4588.0;4591.0;0.06538796861377363;17758321
progress;352.558;4588.0;4591.0;0.06538796861377363;17911660
progress;355.558;4588.0;4591.0;0.06538796861377363;18078475
progress;358.558;4588.0;4591.0;0.06538796861377363;18239696
progress;361.566;4588.0;4591.0;0.06538796861377363;18399327
progress;364.58;4588.0;4591.0;0.06538796861377363;18561734
progress;367.601;4588.0;4591.0;0.06538796861377363;18722145
progress;370.623;4588.0;4591.0;0.06538796861377363;18886664
progress;373.641;4588.0;4591.0;0.06538796861377363;19047093
progress;376.674;4588.0;4591.0;0.06538796861377363;19202491
progress;379.69;4588.0;4591.0;0.06538796861377363;19374565
progress;382.69;4588.0;4591.0;0.06538796861377363;19536114
progress;385.707;4588.0;4591.0;0.06538796861377363;19702685
progress;388.714;4588.0;4591.0;0.06538796861377363;19877014
progress;391.727;4588.0;4591.0;0.06538796861377363;20035593
progress;394.748;4588.0;4591.0;0.06538796861377363;20201038
progress;397.767;4588.0;4591.0;0.06538796861377363;20342615
progress;400.819;4588.0;4591.0;0.06538796861377363;20474145
progress;403.819;4588.0;4591.0;0.06538796861377363;20625584
progress;406.819;4588.0;4591.0;0.06538796861377363;20785926
progress;409.862;4588.0;4591.0;0.06538796861377363;20935749
progress;412.862;4588.0;4591.0;0.06538796861377363;21084607
progress;415.862;4588.0;4591.0;0.06538796861377363;21227904
progress;418.872;4588.0;4591.0;0.06538796861377363;21383316
progress;421.903;4588.0;4591.0;0.06538796861377363;21544463
progress;424.924;4588.0;4591.0;0.06538796861377363;21699090
progress;427.924;4588.0;4591.0;0.06538796861377363;21838956
progress;430.951;4588.0;4591.0;0.06538796861377363;21971540
progress;433.968;4588.0;4591.0;0.06538796861377363;22109685
progress;436.968;4588.0;4591.0;0.06538796861377363;22249561
progress;440.006;4588.0;4591.0;0.06538796861377363;22397835
progress;443.033;4588.0;4591.0;0.06538796861377363;22549520
progress;446.074;4588.0;4591.0;0.06538796861377363;22688648
progress;449.131;4588.0;4591.0;0.06538796861377363;22826015
progress;452.131;4588.0;4591.0;0.06538796861377363;22954918
progress;455.15;4588.0;4591.0;0.06538796861377363;23085422
progress;458.203;4588.0;4591.0;0.06538796861377363;23208802
progress;461.203;4588.0;4591.0;0.06538796861377363;23330341
progress;464.203;4588.0;4591.0;0.06538796861377363;23459335
progress;467.203;4588.0;4591.0;0.06538796861377363;23585048
progress;470.239;4588.0;4591.0;0.06538796861377363;23706829
progress;473.239;4588.0;4591.0;0.06538796861377363;23839729
progress;476.281;4588.0;4591.0;0.06538796861377363;23965485
progress;479.308;4588.0;4591.0;0.06538796861377363;24079074
progress;482.344;4588.0;4591.0;0.06538796861377363;24216054
progress;485.344;4588.0;4591.0;0.06538796861377363;24346787
progress;488.344;4588.0;4591.0;0.06538796861377363;24485823
progress;491.344;4588.0;4591.0;0.06538796861377363;24617885
progress;494.392;4588.0;4591.0;0.06538796861377363;24751642
progress;497.392;4588.0;4591.0;0.06538796861377363;24887071
progress;500.431;4588.0;4591.0;0.06538796861377363;25016103
progress;503.431;4588.0;4591.0;0.06538796861377363;25148586
progress;506.431;4588.0;4591.0;0.06538796861377363;25279185
progress;509.431;4588.0;4591.0;0.06538796861377363;25412691
progress;512.463;4588.0;4591.0;0.06538796861377363;25545260
progress;515.463;4588.0;4591.0;0.06538796861377363;25679191
progress;518.463;4588.0;4591.0;0.06538796861377363;25798448
progress;521.496;4588.0;4591.0;0.06538796861377363;25927217
progress;524.496;4588.0;4591.0;0.06538796861377363;26066087
progress;527.496;4588.0;4591.0;0.06538796861377363;26200329
progress;530.496;4588.0;4591.0;0.06538796861377363;26336918
progress;533.496;4588.0;4591.0;0.06538796861377363;26479683
progress;536.53;4588.0;4591.0;0.06538796861377363;26630238
progress;539.53;4588.0;4591.0;0.06538796861377363;26774188
progress;542.572;4588.0;4591.0;0.06538796861377363;26918207
progress;545.603;4588.0;4591.0;0.06538796861377363;27067433
progress;548.62;4588.0;4591.0;0.06538796861377363;27219184
progress;551.624;4588.0;4591.0;0.06538796861377363;27353297
progress;554.624;4588.0;4591.0;0.06538796861377363;27480905
progress;557.624;4588.0;4.590.999.999.999.990;0.06538796861359523;27621372
progress;560.652;4588.0;4.590.999.999.999.950;0.06538796861282212;27773980
progress;563.652;4588.0;4.590.999.999.999.930;0.06538796861238601;27901195
progress;566.652;4588.0;4.590.999.999.999.930;0.06538796861236618;28026962
progress;569.652;4588.0;45.909.999.999.999.300;0.06538796861234636;28151555
progress;572.705;4588.0;45.909.999.999.999.300;0.06538796861234636;28292516
progress;575.725;4588.0;4.590.999.999.999.930;0.06538796861232654;28421197
progress;578.768;4588.0;4.590.999.999.999.930;0.06538796861230671;28565405
progress;581.822;4588.0;4.590.999.999.999.930;0.06538796861230671;28700919
progress;584.842;4588.0;4.590.999.999.999.930;0.06538796861228689;28819514
progress;587.843;4588.0;4.590.999.999.999.930;0.06538796861228689;28978705
progress;590.843;4588.0;4.590.999.999.999.930;0.06538796861226706;29136461
progress;593.843;4588.0;4.590.999.999.999.930;0.06538796861226706;29290244
progress;596.873;4588.0;4.590.999.999.999.930;0.06538796861226706;29433489
progress;599.873;4588.0;4.590.999.999.999.920;0.06538796861210848;29584701
progress;602.873;4588.0;4.590.999.999.999.920;0.06538796861208866;29731734
progress;605.9;4588.0;4.590.999.999.999.870;0.06538796861095872;29858194
progress;608.9;4588.0;4.590.999.999.999.860;0.06538796861083979;29965409
progress;611.946;4588.0;4.590.999.999.999.860;0.06538796861078032;30075861
progress;614.946;4588.0;45.909.999.999.997;0.06538796860723194;30209347
progress;617.968;4588.0;45.909.999.999.997;0.06538796860723194;30340214
progress;620.968;4588.0;45.909.999.999.997;0.06538796860723194;30485776
progress;623.968;4588.0;4590.0;0.043591979075849094;30626292
progress;626.968;4588.0;4590.0;0.043591979075849094;30772520
progress;629.968;4588.0;4590.0;0.043591979075849094;30899165
progress;632.968;4588.0;4590.0;0.043591979075849094;31027688
progress;636.008;4588.0;4590.0;0.043591979075849094;31138975
progress;639.008;4588.0;4590.0;0.043591979075849094;31272163
progress;642.032;4588.0;4590.0;0.043591979075849094;31400089
progress;645.063;4588.0;4590.0;0.043591979075849094;31525667
progress;648.079;4588.0;4590.0;0.043591979075849094;31637568
progress;651.117;4588.0;4590.0;0.043591979075849094;31756123
progress;654.145;4588.0;4590.0;0.043591979075849094;31890710
progress;657.145;4588.0;4590.0;0.043591979075849094;32025102
progress;660.168;4588.0;4590.0;0.043591979075849094;32154146
progress;663.168;4588.0;4590.0;0.043591979075849094;32287933
progress;666.172;4588.0;4590.0;0.043591979075849094;32411910
progress;669.172;4588.0;4590.0;0.043591979075849094;32545389
progress;672.172;4588.0;4590.0;0.043591979075849094;32680068
progress;675.172;4588.0;4590.0;0.043591979075849094;32812738
progress;678.206;4588.0;4590.0;0.043591979075849094;32940403
progress;681.233;4588.0;4590.0;0.043591979075849094;33071865
progress;684.267;4588.0;4590.0;0.043591979075849094;33207349
progress;687.272;4588.0;4590.0;0.043591979075849094;33349913
progress;690.272;4588.0;4590.0;0.043591979075849094;33485090
progress;693.272;4588.0;4590.0;0.043591979075849094;33617276
progress;696.276;4588.0;4590.0;0.043591979075849094;33750825
progress;699.291;4588.0;4590.0;0.043591979075849094;33878358
progress;702.317;4588.0;4590.0;0.043591979075849094;33986155
progress;705.339;4588.0;4590.0;0.043591979075849094;34107873
progress;708.362;4588.0;4590.0;0.043591979075849094;34240489
progress;711.402;4588.0;4590.0;0.043591979075849094;34375707
progress;714.432;4588.0;4590.0;0.043591979075849094;34509510
progress;717.432;4588.0;4590.0;0.043591979075849094;34643810
progress;720.432;4588.0;4590.0;0.043591979075849094;34771455
progress;723.468;4588.0;4590.0;0.043591979075849094;34900250
progress;726.512;4588.0;4590.0;0.043591979075849094;35017067
progress;729.512;4588.0;4590.0;0.043591979075849094;35134451
progress;732.55;4588.0;4590.0;0.043591979075849094;35272460
progress;735.607;4588.0;4590.0;0.043591979075849094;35397319
progress;738.607;4588.0;4590.0;0.043591979075849094;35538106
progress;741.634;4588.0;4590.0;0.043591979075849094;35671950
progress;744.634;4588.0;4590.0;0.043591979075849094;35804137
progress;747.634;4588.0;4590.0;0.043591979075849094;35939256
progress;750.634;4588.0;4590.0;0.043591979075849094;36066692
progress;753.635;4588.0;4590.0;0.043591979075849094;36199802
progress;756.635;4588.0;4590.0;0.043591979075849094;36341781
progress;759.66;4588.0;4590.0;0.043591979075849094;36467351
progress;762.66;4588.0;4590.0;0.043591979075849094;36593064
progress;765.699;4588.0;4590.0;0.043591979075849094;36733723
progress;768.699;4588.0;4590.0;0.043591979075849094;36869292
progress;771.699;4588.0;4590.0;0.043591979075849094;37001020
progress;774.714;4588.0;4590.0;0.043591979075849094;37138362
progress;777.717;4588.0;4590.0;0.043591979075849094;37278411
progress;780.742;4588.0;4590.0;0.043591979075849094;37424524
progress;783.778;4588.0;4590.0;0.043591979075849094;37564294
progress;786.801;4588.0;4590.0;0.043591979075849094;37672740
progress;789.835;4588.0;4590.0;0.043591979075849094;37821100
progress;792.835;4588.0;4590.0;0.043591979075849094;37962001
progress;795.868;4588.0;4590.0;0.043591979075849094;38100862
progress;798.876;4588.0;4590.0;0.043591979075849094;38232920
progress;801.876;4588.0;4590.0;0.043591979075849094;38357731
progress;804.935;4588.0;4590.0;0.043591979075849094;38488854
progress;807.965;4588.0;4590.0;0.043591979075849094;38578118
progress;810.98;4588.0;4590.0;0.043591979075849094;38701415
progress;813.98;4588.0;4590.0;0.043591979075849094;38833461
progress;816.98;4588.0;4590.0;0.043591979075849094;38908266
progress;819.98;4588.0;4590.0;0.043591979075849094;39014460
progress;823.068;4588.0;4590.0;0.043591979075849094;39111931
progress;826.721;4588.0;4590.0;0.043591979075849094;39125538
progress;829.746;4588.0;4590.0;0.043591979075849094;39171998
progress;833.163;4588.0;4590.0;0.043591979075849094;39215512
progress;836.163;4588.0;4590.0;0.043591979075849094;39238585
progress;839.514;4588.0;4590.0;0.043591979075849094;39271714
progress;842.514;4588.0;4590.0;0.043591979075849094;39315413
progress;845.514;4588.0;4590.0;0.043591979075849094;39387822
progress;848.585;4588.0;4590.0;0.043591979075849094;39435715
progress;851.619;4588.0;4590.0;0.043591979075849094;39454001
progress;854.633;4588.0;4590.0;0.043591979075849094;39483525
progress;857.638;4588.0;4590.0;0.043591979075849094;39559254
progress;860.646;4588.0;4590.0;0.043591979075849094;39647046
progress;863.658;4588.0;4590.0;0.043591979075849094;39742345
progress;866.658;4588.0;4590.0;0.043591979075849094;39843773
progress;869.665;4588.0;4590.0;0.043591979075849094;39931391
progress;872.665;4588.0;4590.0;0.043591979075849094;39997794
progress;876.907;4588.0;4590.0;0.043591979075849094;40048902
progress;880.028;4588.0;4590.0;0.043591979075849094;40104793
progress;883.043;4588.0;4590.0;0.043591979075849094;40168777
progress;886.043;4588.0;4590.0;0.043591979075849094;40293847
progress;889.045;4588.0;4590.0;0.043591979075849094;40396393
progress;892.045;4588.0;4590.0;0.043591979075849094;40509250
progress;895.045;4588.0;4590.0;0.043591979075849094;40624901
progress;898.253;4588.0;4590.0;0.043591979075849094;40716967
progress;901.253;4588.0;4590.0;0.043591979075849094;40829579
progress;904.257;4588.0;4590.0;0.043591979075849094;40927229
progress;907.257;4588.0;4590.0;0.043591979075849094;41031490
progress;910.301;4588.0;4590.0;0.043591979075849094;41134249
progress;913.301;4588.0;4590.0;0.043591979075849094;41245011
progress;916.338;4588.0;4590.0;0.043591979075849094;41352056
progress;919.341;4588.0;4590.0;0.043591979075849094;41421119
progress;922.341;4588.0;4590.0;0.043591979075849094;41530071
progress;925.368;4588.0;4590.0;0.043591979075849094;41631250
progress;928.407;4588.0;4590.0;0.043591979075849094;41753052
progress;931.461;4588.0;4590.0;0.043591979075849094;41864113
progress;934.552;4588.0;4590.0;0.043591979075849094;41979742
progress;937.552;4588.0;4590.0;0.043591979075849094;42090593
progress;940.553;4588.0;4590.0;0.043591979075849094;42223811
progress;943.553;4588.0;4590.0;0.043591979075849094;42332837
progress;946.553;4588.0;4590.0;0.043591979075849094;42455235
progress;949.578;4588.0;4590.0;0.043591979075849094;42560947
progress;952.581;4588.0;4590.0;0.043591979075849094;42675895
progress;955.595;4588.0;4590.0;0.043591979075849094;42782365
progress;958.595;4588.0;4590.0;0.043591979075849094;42884206
progress;961.639;4588.0;4590.0;0.043591979075849094;42995131
progress;964.686;4588.0;4590.0;0.043591979075849094;43093001
progress;967.699;4588.0;4590.0;0.043591979075849094;43180234
progress;970.709;4588.0;4590.0;0.043591979075849094;43280346
progress;973.712;4588.0;4590.0;0.043591979075849094;43392091
progress;976.712;4588.0;4590.0;0.043591979075849094;43467341
progress;979.712;4588.0;4590.0;0.043591979075849094;43569858
progress;982.712;4588.0;4590.0;0.043591979075849094;43678519
progress;985.897;4588.0;4590.0;0.043591979075849094;43779801
progress;989.368;4588.0;4590.0;0.043591979075849094;43792222
progress;992.493;4588.0;4590.0;0.043591979075849094;43803355
progress;995.498;4588.0;4590.0;0.043591979075849094;43816916
progress;998.522;4588.0;4590.0;0.043591979075849094;43827799
progress;1.001.579;4588.0;4590.0;0.043591979075849094;43839588
progress;1.004.724;4588.0;4590.0;0.043591979075849094;43858653
progress;1.008.388;4588.0;4590.0;0.043591979075849094;43879013
progress;1.012.119;4588.0;4590.0;0.043591979075849094;43904310
progress;1.015.857;4588.0;4590.0;0.043591979075849094;43922502
progress;1023.35;4588.0;4590.0;0.043591979075849094;43929191
progress;1.027.459;4588.0;4590.0;0.043591979075849094;43938758
progress;1.030.572;4588.0;4590.0;0.043591979075849094;43945505
progress;1035.86;4588.0;4590.0;0.043591979075849094;43955353
progress;1.040.375;4588.0;4590.0;0.043591979075849094;43971033
progress;1.043.989;4588.0;4590.0;0.043591979075849094;43986203
progress;1.047.374;4588.0;4590.0;0.043591979075849094;43992707
progress;1.054.692;4588.0;4590.0;0.043591979075849094;44006963
progress;1.058.194;4588.0;4590.0;0.043591979075849094;44014736
progress;1.064.206;4588.0;4590.0;0.043591979075849094;44029003
progress;1.067.637;4588.0;4590.0;0.043591979075849094;44043591
progress;1.071.435;4588.0;4590.0;0.043591979075849094;44072514
progress;1.075.729;4588.0;4590.0;0.043591979075849094;44096767
progress;1.078.914;4588.0;4590.0;0.043591979075849094;44114729
progress;1.081.914;4588.0;4590.0;0.043591979075849094;44129871
progress;1.084.914;4588.0;4590.0;0.043591979075849094;44155448
progress;1.088.173;4588.0;4590.0;0.043591979075849094;44180782
progress;1.091.192;4588.0;4590.0;0.043591979075849094;44217934
progress;1.094.452;4588.0;4590.0;0.043591979075849094;44249031
progress;1.097.756;4588.0;4590.0;0.043591979075849094;44286200
progress;1.101.604;4588.0;4590.0;0.043591979075849094;44317287
progress;1.106.666;4588.0;4590.0;0.043591979075849094;44336257
progress;1.110.029;4588.0;4590.0;0.043591979075849094;44375553
progress;1114.15;4588.0;4590.0;0.043591979075849094;44399917
progress;1.117.159;4588.0;4590.0;0.043591979075849094;44457756
progress;1.120.159;4588.0;4590.0;0.043591979075849094;44501934
progress;1.123.166;4588.0;4590.0;0.043591979075849094;44541025
progress;1.126.166;4588.0;4590.0;0.043591979075849094;44607069
progress;1.129.166;4588.0;4590.0;0.043591979075849094;44657299
progress;1.132.166;4588.0;4590.0;0.043591979075849094;44685076
progress;1.135.335;4588.0;4590.0;0.043591979075849094;44710384
progress;1.138.454;4588.0;4590.0;0.043591979075849094;44758878
progress;1.141.454;4588.0;4590.0;0.043591979075849094;44809629
progress;1.146.403;4588.0;4590.0;0.043591979075849094;44823085
progress;1.151.004;4588.0;4590.0;0.043591979075849094;44884820
progress;1.154.004;4588.0;4590.0;0.043591979075849094;44893826
progress;1.159.961;4588.0;4590.0;0.043591979075849094;44897354
progress;1163.75;4588.0;4590.0;0.043591979075849094;44913377
progress;1.171.064;4588.0;4590.0;0.043591979075849094;44925614
progress;1.176.124;4588.0;4590.0;0.043591979075849094;44933000
progress;1.179.667;4588.0;4590.0;0.043591979075849094;44938722
progress;1.187.568;4588.0;4590.0;0.043591979075849094;44944671
progress;1191.23;4588.0;4590.0;0.043591979075849094;44970644
progress;1196.55;4588.0;4590.0;0.043591979075849094;44975584
progress;1200.94;4588.0;4590.0;0.043591979075849094;44981095
progress;1.205.974;4588.0;4590.0;0.043591979075849094;44987469
progress;1.209.118;4588.0;4590.0;0.043591979075849094;45020885
progress;1.212.118;4588.0;4590.0;0.043591979075849094;45083440
progress;1.215.238;4588.0;4590.0;0.043591979075849094;45144282
progress;1.218.238;4588.0;4590.0;0.043591979075849094;45202510
progress;1.221.238;4588.0;4590.0;0.043591979075849094;45268819
progress;1.224.238;4588.0;4590.0;0.043591979075849094;45310809
progress;1.227.349;4588.0;4590.0;0.043591979075849094;45363926
progress;1.230.379;4588.0;4590.0;0.043591979075849094;45431451
progress;1.233.379;4588.0;4590.0;0.043591979075849094;45482118
progress;1.236.394;4588.0;4590.0;0.043591979075849094;45562215
progress;1.239.441;4588.0;4590.0;0.043591979075849094;45648119
progress;1.242.441;4588.0;4590.0;0.043591979075849094;45727645
progress;1245.45;4588.0;4590.0;0.043591979075849094;45769234
progress;1.249.836;4588.0;4590.0;0.043591979075849094;45822320
progress;1.252.836;4588.0;4590.0;0.043591979075849094;45875654
progress;1255.89;4588.0;4590.0;0.043591979075849094;45956878
progress;1.258.911;4588.0;4590.0;0.043591979075849094;46036231
progress;1.261.911;4588.0;4590.0;0.043591979075849094;46104712
progress;1.265.618;4588.0;4590.0;0.043591979075849094;46153556
progress;1.268.618;4588.0;4590.0;0.043591979075849094;46232622
progress;1.271.827;4588.0;4590.0;0.043591979075849094;46289696
progress;1274.91;4588.0;4590.0;0.043591979075849094;46355863
progress;1277.93;4588.0;4590.0;0.043591979075849094;46417369
progress;1.281.116;4588.0;4590.0;0.043591979075849094;46496698
progress;1.284.116;4588.0;4590.0;0.043591979075849094;46548251
progress;1.287.116;4588.0;4590.0;0.043591979075849094;46599970
progress;1.290.259;4588.0;4590.0;0.043591979075849094;46631717
progress;1.293.632;4588.0;4590.0;0.043591979075849094;46669754
progress;1.297.299;4588.0;4590.0;0.043591979075849094;46700980
progress;1.300.841;4588.0;4590.0;0.043591979075849094;46726089
progress;1.303.841;4588.0;4590.0;0.043591979075849094;46761972
progress;1.307.039;4588.0;4590.0;0.043591979075849094;46812388
progress;1.310.039;4588.0;4590.0;0.043591979075849094;46891188
progress;1.313.116;4588.0;4590.0;0.043591979075849094;46940651
progress;1.316.116;4588.0;4590.0;0.043591979075849094;46978469
progress;1.319.411;4588.0;4590.0;0.043591979075849094;47018035
progress;1.322.427;4588.0;4590.0;0.043591979075849094;47085123
progress;1.325.427;4588.0;4590.0;0.043591979075849094;47167730
progress;1.328.536;4588.0;4590.0;0.043591979075849094;47238151
progress;1.331.578;4588.0;4590.0;0.043591979075849094;47281268
progress;1.335.148;4588.0;4590.0;0.043591979075849094;47353380
progress;1.338.166;4588.0;4590.0;0.043591979075849094;47424798
progress;1.341.173;4588.0;4590.0;0.043591979075849094;47514815
progress;1.344.208;4588.0;4590.0;0.043591979075849094;47558621
progress;1.347.289;4588.0;4590.0;0.043591979075849094;47620478
progress;1.350.315;4588.0;4590.0;0.043591979075849094;47721116
progress;1.353.315;4588.0;4590.0;0.043591979075849094;47828049
progress;1356.43;4588.0;4590.0;0.043591979075849094;47928995
progress;1359.46;4588.0;4590.0;0.043591979075849094;48022745
progress;1.362.573;4588.0;4590.0;0.043591979075849094;48122460
progress;1.365.644;4588.0;4590.0;0.043591979075849094;48209234
progress;1.368.852;4588.0;4590.0;0.043591979075849094;48260673
progress;1.372.253;4588.0;4590.0;0.043591979075849094;48308965
progress;1.375.357;4588.0;4590.0;0.043591979075849094;48333113
progress;1.378.357;4588.0;4590.0;0.043591979075849094;48414266
progress;1.382.252;4588.0;4590.0;0.043591979075849094;48492360
progress;1.385.275;4588.0;4590.0;0.043591979075849094;48562879
progress;1.388.313;4588.0;4590.0;0.043591979075849094;48627192
progress;1.391.352;4588.0;4590.0;0.043591979075849094;48741588
progress;1.394.352;4588.0;4590.0;0.043591979075849094;48843402
progress;1.397.406;4588.0;4590.0;0.043591979075849094;48942373
progress;1.400.406;4588.0;4590.0;0.043591979075849094;49034512
progress;1.403.406;4588.0;4590.0;0.043591979075849094;49124984
progress;1.406.592;4588.0;4590.0;0.043591979075849094;49220891
progress;1.409.714;4588.0;4590.0;0.043591979075849094;49283824
progress;1.412.837;4588.0;4590.0;0.043591979075849094;49357490
progress;1.416.101;4588.0;4590.0;0.043591979075849094;49425099
progress;1.419.101;4588.0;4590.0;0.043591979075849094;49492329
progress;1.422.142;4588.0;4590.0;0.043591979075849094;49556538
progress;1.425.974;4588.0;4590.0;0.043591979075849094;49609495
progress;1.428.976;4588.0;4590.0;0.043591979075849094;49672588
progress;1.431.976;4588.0;4590.0;0.043591979075849094;49715077
progress;1.435.336;4588.0;4590.0;0.043591979075849094;49763345
progress;1.438.453;4588.0;4590.0;0.043591979075849094;49807229
progress;1.442.033;4588.0;4590.0;0.043591979075849094;49866275
progress;1.445.036;4588.0;4590.0;0.043591979075849094;49913257
progress;1.448.036;4588.0;4590.0;0.043591979075849094;49968667
progress;1.451.036;4588.0;4590.0;0.043591979075849094;49988525
progress;1454.04;4588.0;4590.0;0.043591979075849094;50044797
progress;1.457.542;4588.0;4590.0;0.043591979075849094;50084121
progress;1.460.752;4588.0;4590.0;0.043591979075849094;50146979
progress;1.463.752;4588.0;4590.0;0.043591979075849094;50173650
progress;1.466.795;4588.0;4590.0;0.043591979075849094;50212254
progress;1.470.059;4588.0;4590.0;0.043591979075849094;50242099
progress;1.473.731;4588.0;4590.0;0.043591979075849094;50282759
progress;1.476.857;4588.0;4590.0;0.043591979075849094;50317268
progress;1.479.857;4588.0;4590.0;0.043591979075849094;50377729
progress;1482.89;4588.0;4590.0;0.043591979075849094;50422344
progress;1.486.045;4588.0;4590.0;0.043591979075849094;50449331
progress;1.489.079;4588.0;4590.0;0.043591979075849094;50486150
progress;1.495.615;4588.0;4590.0;0.043591979075849094;50503801
progress;1.498.821;4588.0;4590.0;0.043591979075849094;50562327
progress;1.501.899;4588.0;4590.0;0.043591979075849094;50646771
progress;1.505.045;4588.0;4590.0;0.043591979075849094;50715592
progress;1.509.517;4588.0;4590.0;0.043591979075849094;50760591
progress;1.512.523;4588.0;4590.0;0.043591979075849094;50878783
progress;1.515.551;4588.0;4590.0;0.043591979075849094;51014870
progress;1.518.551;4588.0;4590.0;0.043591979075849094;51130301
progress;1.521.649;4588.0;4590.0;0.043591979075849094;51212403
progress;1.524.819;4588.0;4590.0;0.043591979075849094;51326359
progress;1.527.821;4588.0;4590.0;0.043591979075849094;51417108
progress;1.530.849;4588.0;4590.0;0.043591979075849094;51478015
progress;1.533.927;4588.0;4590.0;0.043591979075849094;51531534
progress;1.537.125;4588.0;4590.0;0.043591979075849094;51578475
progress;1.540.266;4588.0;4590.0;0.043591979075849094;51630834
progress;1.543.266;4588.0;4590.0;0.043591979075849094;51692152
progress;1.546.383;4588.0;4590.0;0.043591979075849094;51769761
progress;1.549.383;4588.0;4590.0;0.043591979075849094;51816570
progress;1.552.383;4588.0;4590.0;0.043591979075849094;51876521
progress;1.556.316;4588.0;4590.0;0.043591979075849094;51903038
progress;1.559.316;4588.0;4590.0;0.043591979075849094;51976531
progress;1.562.536;4588.0;4590.0;0.043591979075849094;52046425
progress;1.565.536;4588.0;4590.0;0.043591979075849094;52090435
progress;1.568.611;4588.0;4590.0;0.043591979075849094;52153710
progress;1.572.428;4588.0;4590.0;0.043591979075849094;52209714
progress;1.575.532;4588.0;4590.0;0.043591979075849094;52291450
progress;1.578.547;4588.0;4590.0;0.043591979075849094;52320452
progress;1.581.547;4588.0;4590.0;0.043591979075849094;52421518
progress;1.584.578;4588.0;4590.0;0.043591979075849094;52513586
progress;1.587.578;4588.0;4590.0;0.043591979075849094;52608350
progress;1.590.578;4588.0;4590.0;0.043591979075849094;52672160
progress;1.593.578;4588.0;4590.0;0.043591979075849094;52776961
progress;1.596.665;4588.0;4590.0;0.043591979075849094;52897144
progress;1.599.665;4588.0;4590.0;0.043591979075849094;53013356
progress;1.602.695;4588.0;4590.0;0.043591979075849094;53120984
progress;1.605.695;4588.0;4590.0;0.043591979075849094;53216355
progress;1.608.786;4588.0;4590.0;0.043591979075849094;53304688
progress;1.612.798;4588.0;4590.0;0.043591979075849094;53352014
progress;1.615.874;4588.0;4590.0;0.043591979075849094;53464192
progress;1.618.976;4588.0;4590.0;0.043591979075849094;53547305
progress;1622.28;4588.0;4590.0;0.043591979075849094;53588171
progress;1625.28;4588.0;4590.0;0.043591979075849094;53617475
progress;1.629.566;4588.0;4590.0;0.043591979075849094;53659769
progress;1.633.198;4588.0;4590.0;0.043591979075849094;53664359
progress;1636.32;4588.0;4590.0;0.043591979075849094;53675747
progress;1.639.561;4588.0;4590.0;0.043591979075849094;53712144
progress;1.642.967;4588.0;4590.0;0.043591979075849094;53742517
progress;1646.75;4588.0;4590.0;0.043591979075849094;53785117
progress;1.649.833;4588.0;4590.0;0.043591979075849094;53841616
progress;1.653.075;4588.0;4590.0;0.043591979075849094;53881251
progress;1656.32;4588.0;4590.0;0.043591979075849094;53943734
progress;1659.32;4588.0;4590.0;0.043591979075849094;53988197
progress;1.662.422;4588.0;4590.0;0.043591979075849094;54023737
progress;1.665.502;4588.0;4590.0;0.043591979075849094;54065178
progress;1.668.584;4588.0;4590.0;0.043591979075849094;54113250
progress;1.671.584;4588.0;4590.0;0.043591979075849094;54176193
progress;1.674.668;4588.0;4590.0;0.043591979075849094;54259294
progress;1677.86;4588.0;4590.0;0.043591979075849094;54321007
progress;1.680.924;4588.0;4590.0;0.043591979075849094;54345905
progress;1.684.547;4588.0;4590.0;0.043591979075849094;54389765
progress;1.687.903;4588.0;4590.0;0.043591979075849094;54420944
progress;1.690.933;4588.0;4590.0;0.043591979075849094;54464021
progress;1.693.933;4588.0;4590.0;0.043591979075849094;54506979
progress;1.697.413;4588.0;4590.0;0.043591979075849094;54539253
progress;1.700.782;4588.0;4590.0;0.043591979075849094;54566331
progress;1.704.498;4588.0;4590.0;0.043591979075849094;54591296
progress;1.707.532;4588.0;4590.0;0.043591979075849094;54651009
progress;1.710.592;4588.0;4590.0;0.043591979075849094;54727001
progress;1.713.714;4588.0;4590.0;0.043591979075849094;54764174
progress;1.716.714;4588.0;4590.0;0.043591979075849094;54831537
progress;1.719.845;4588.0;4590.0;0.043591979075849094;54913511
progress;1.722.845;4588.0;4590.0;0.043591979075849094;54999846
progress;1.725.845;4588.0;4590.0;0.043591979075849094;55050041
progress;1.728.845;4588.0;4590.0;0.043591979075849094;55133952
progress;1.731.917;4588.0;4590.0;0.043591979075849094;55226515
progress;1.734.917;4588.0;4590.0;0.043591979075849094;55322664
progress;1.737.995;4588.0;4590.0;0.043591979075849094;55422538
progress;1.741.057;4588.0;4590.0;0.043591979075849094;55527640
progress;1.744.057;4588.0;4590.0;0.043591979075849094;55588060
progress;1.747.057;4588.0;4590.0;0.043591979075849094;55676366
progress;1.750.512;4588.0;4590.0;0.043591979075849094;55751690
progress;1.753.537;4588.0;4590.0;0.043591979075849094;55825166
progress;1.756.537;4588.0;4590.0;0.043591979075849094;55908527
progress;1759.56;4588.0;4590.0;0.043591979075849094;56010230
progress;1762.56;4588.0;4590.0;0.043591979075849094;56121459
progress;1765.56;4588.0;4590.0;0.043591979075849094;56210045
progress;1768.61;4588.0;4590.0;0.043591979075849094;56313878
progress;1.771.622;4588.0;4590.0;0.043591979075849094;56394472
progress;1.774.873;4588.0;4590.0;0.043591979075849094;56433069
progress;1777.95;4588.0;4590.0;0.043591979075849094;56529751
progress;1.780.954;4588.0;4590.0;0.043591979075849094;56617503
progress;1.784.007;4588.0;4590.0;0.043591979075849094;56706781
progress;1787.05;4588.0;4590.0;0.043591979075849094;56799171
progress;1.790.069;4588.0;4590.0;0.043591979075849094;56895450
progress;1.793.089;4588.0;4590.0;0.043591979075849094;56993130
progress;1.796.108;4588.0;4590.0;0.043591979075849094;57094575
progress;1.800.257;4588.0;4590.0;0.043591979075849094;57187821
progress;1.803.257;4588.0;4590.0;0.043591979075849094;57284863
progress;1.806.333;4588.0;4590.0;0.043591979075849094;57378575
progress;1.809.401;4588.0;4590.0;0.043591979075849094;57478204
progress;1812.45;4588.0;4590.0;0.043591979075849094;57581824
progress;1.815.486;4588.0;4590.0;0.043591979075849094;57690354
progress;1.818.486;4588.0;4590.0;0.043591979075849094;57788242
progress;1.821.486;4588.0;4590.0;0.043591979075849094;57876209
progress;1.825.268;4588.0;4590.0;0.043591979075849094;57928426
progress;1.828.297;4588.0;4590.0;0.043591979075849094;58021882
progress;1.831.352;4588.0;4590.0;0.043591979075849094;58111994
progress;1.834.378;4588.0;4590.0;0.043591979075849094;58179249
progress;1.837.378;4588.0;4590.0;0.043591979075849094;58252870
progress;1840.39;4588.0;4590.0;0.043591979075849094;58323260
progress;1.843.419;4588.0;4590.0;0.043591979075849094;58406106
progress;1.846.421;4588.0;4590.0;0.043591979075849094;58498310
progress;1.849.421;4588.0;4590.0;0.043591979075849094;58572031
progress;1.852.444;4588.0;4590.0;0.043591979075849094;58695776
progress;1.855.476;4588.0;4590.0;0.043591979075849094;58798808
progress;1.858.476;4588.0;4590.0;0.043591979075849094;58893961
progress;1.861.484;4588.0;4590.0;0.043591979075849094;58992234
progress;1.864.503;4588.0;4590.0;0.043591979075849094;59097500
progress;1.867.586;4588.0;4590.0;0.043591979075849094;59146775
progress;1.870.658;4588.0;4590.0;0.043591979075849094;59217238
progress;1.873.671;4588.0;4590.0;0.043591979075849094;59308465
progress;1.876.703;4588.0;4590.0;0.043591979075849094;59394619
progress;1.879.759;4588.0;4590.0;0.043591979075849094;59479849
progress;1.884.206;4588.0;4590.0;0.043591979075849094;59536936
progress;1.887.373;4588.0;4590.0;0.043591979075849094;59602595
progress;1.890.385;4588.0;4590.0;0.043591979075849094;59652022
progress;1.893.486;4588.0;4590.0;0.043591979075849094;59708724
progress;1.896.604;4588.0;4590.0;0.043591979075849094;59764152
progress;1.899.722;4588.0;4590.0;0.043591979075849094;59801409
progress;1.902.806;4588.0;4590.0;0.043591979075849094;59824609
progress;1905.91;4588.0;4590.0;0.043591979075849094;59876694
progress;1.909.218;4588.0;4590.0;0.043591979075849094;59916064
progress;1.914.433;4588.0;4590.0;0.043591979075849094;59944273
progress;1.917.433;4588.0;4590.0;0.043591979075849094;59996834
progress;1.921.023;4588.0;4590.0;0.043591979075849094;60056663
progress;1.924.162;4588.0;4590.0;0.043591979075849094;60074313
progress;1.929.661;4588.0;4590.0;0.043591979075849094;60111767
progress;1.933.054;4588.0;4590.0;0.043591979075849094;60166091
progress;1.938.154;4588.0;4590.0;0.043591979075849094;60185463
progress;1.941.303;4588.0;4590.0;0.043591979075849094;60209710
progress;1.948.297;4588.0;4590.0;0.043591979075849094;60224945
progress;1.951.391;4588.0;4590.0;0.043591979075849094;60256467
progress;1.954.842;4588.0;4590.0;0.043591979075849094;60309978
progress;1.958.014;4588.0;4590.0;0.043591979075849094;60333640
progress;1.961.017;4588.0;4590.0;0.043591979075849094;60365581
progress;1.964.041;4588.0;4590.0;0.043591979075849094;60428631
progress;1.967.129;4588.0;4590.0;0.043591979075849094;60485093
progress;1.970.236;4588.0;4590.0;0.043591979075849094;60553135
progress;1.973.549;4588.0;4590.0;0.043591979075849094;60608570
progress;1.976.603;4588.0;4590.0;0.043591979075849094;60682725
progress;1979.63;4588.0;4590.0;0.043591979075849094;60771269
progress;1982.63;4588.0;4590.0;0.043591979075849094;60839516
progress;1.985.656;4588.0;4590.0;0.043591979075849094;60936349
progress;1.988.816;4588.0;4590.0;0.043591979075849094;61026289
progress;1.991.816;4588.0;4590.0;0.043591979075849094;61053250
progress;1.994.824;4588.0;4590.0;0.043591979075849094;61103663
progress;1.997.968;4588.0;4590.0;0.043591979075849094;61167521
progress;2.001.169;4588.0;4590.0;0.043591979075849094;61204985
progress;2.004.575;4588.0;4590.0;0.043591979075849094;61247538
progress;2.007.687;4588.0;4590.0;0.043591979075849094;61269756
progress;2.011.085;4588.0;4590.0;0.043591979075849094;61287880
progress;2.014.743;4588.0;4590.0;0.043591979075849094;61313102
progress;2.017.938;4588.0;4590.0;0.043591979075849094;61330252
progress;2021.35;4588.0;4590.0;0.043591979075849094;61348595
progress;2.024.515;4588.0;4590.0;0.043591979075849094;61370722
progress;2.027.663;4588.0;4590.0;0.043591979075849094;61393251
progress;2.030.663;4588.0;4590.0;0.043591979075849094;61418511
progress;2.034.131;4588.0;4590.0;0.043591979075849094;61440318
progress;2.037.769;4588.0;4590.0;0.043591979075849094;61458238
progress;2.040.915;4588.0;4590.0;0.043591979075849094;61470193
progress;2.044.349;4588.0;4590.0;0.043591979075849094;61480260
progress;2.047.355;4588.0;4590.0;0.043591979075849094;61546230
progress;2.050.652;4588.0;4590.0;0.043591979075849094;61564141
progress;2.054.083;4588.0;4590.0;0.043591979075849094;61571373
progress;2.057.319;4588.0;4590.0;0.043591979075849094;61578421
progress;2.060.533;4588.0;4590.0;0.043591979075849094;61589681
progress;2.063.783;4588.0;4590.0;0.043591979075849094;61602620
progress;2.067.048;4588.0;4590.0;0.043591979075849094;61621648
progress;2.070.382;4588.0;4590.0;0.043591979075849094;61633436
progress;2.073.683;4588.0;4590.0;0.043591979075849094;61647771
progress;2.077.563;4588.0;4590.0;0.043591979075849094;61657528
progress;2.080.631;4588.0;4590.0;0.043591979075849094;61689613
progress;2.083.747;4588.0;4590.0;0.043591979075849094;61720476
progress;2.086.781;4588.0;4590.0;0.043591979075849094;61789174
progress;2.089.811;4588.0;4590.0;0.043591979075849094;61839201
progress;2.092.873;4588.0;4590.0;0.043591979075849094;61913591
progress;2.095.873;4588.0;4590.0;0.043591979075849094;61993784
progress;2.098.934;4588.0;4590.0;0.043591979075849094;62038936
progress;2.101.934;4588.0;4590.0;0.043591979075849094;62074061
progress;2.104.959;4588.0;4590.0;0.043591979075849094;62106318
progress;2.108.019;4588.0;4590.0;0.043591979075849094;62181565
progress;2.111.037;4588.0;4590.0;0.043591979075849094;62261292
progress;2.114.649;4588.0;4590.0;0.043591979075849094;62309659
progress;2.117.677;4588.0;4590.0;0.043591979075849094;62382257
progress;2.120.745;4588.0;4590.0;0.043591979075849094;62470461
progress;2.123.779;4588.0;4590.0;0.043591979075849094;62537487
progress;2.127.273;4588.0;4590.0;0.043591979075849094;62592375
progress;2.130.301;4588.0;4590.0;0.043591979075849094;62658982
progress;2.133.341;4588.0;4590.0;0.043591979075849094;62731331
progress;2.136.392;4588.0;4590.0;0.043591979075849094;62780124
progress;2.139.422;4588.0;4590.0;0.043591979075849094;62837750
progress;2.142.496;4588.0;4590.0;0.043591979075849094;62923583
progress;2.145.499;4588.0;4590.0;0.043591979075849094;63005901
progress;2.148.885;4588.0;4590.0;0.043591979075849094;63058243
progress;2.151.959;4588.0;4590.0;0.043591979075849094;63153291
progress;2.155.022;4588.0;4590.0;0.043591979075849094;63219054
progress;2.158.022;4588.0;4590.0;0.043591979075849094;63326509
progress;2.161.031;4588.0;4590.0;0.043591979075849094;63374704
progress;2164.17;4588.0;4590.0;0.043591979075849094;63406193
progress;2.167.237;4588.0;4590.0;0.043591979075849094;63464877
progress;2.170.533;4588.0;4590.0;0.043591979075849094;63508140
progress;2.173.624;4588.0;4590.0;0.043591979075849094;63583313
progress;2.176.744;4588.0;4590.0;0.043591979075849094;63633806
progress;2179.79;4588.0;4590.0;0.043591979075849094;63692815
progress;2.182.851;4588.0;4590.0;0.043591979075849094;63745184
progress;2.185.902;4588.0;4590.0;0.043591979075849094;63777378
progress;2.188.999;4588.0;4590.0;0.043591979075849094;63851167
progress;2.192.077;4588.0;4590.0;0.043591979075849094;63893948
progress;2.195.416;4588.0;4590.0;0.043591979075849094;63949347
progress;2.198.462;4588.0;4590.0;0.043591979075849094;64004734
progress;2201.51;4588.0;4590.0;0.043591979075849094;64084088
progress;2204.51;4588.0;4590.0;0.043591979075849094;64155779
progress;2207.51;4588.0;4590.0;0.043591979075849094;64188170
progress;2.210.651;4588.0;4590.0;0.043591979075849094;64246043
progress;2.214.886;4588.0;4590.0;0.043591979075849094;64274029
progress;2.217.886;4588.0;4590.0;0.043591979075849094;64332867
progress;2.220.976;4588.0;4590.0;0.043591979075849094;64385291
progress;2.224.319;4588.0;4590.0;0.043591979075849094;64427187
progress;2.227.472;4588.0;4590.0;0.043591979075849094;64468491
progress;2.230.617;4588.0;4590.0;0.043591979075849094;64512388
progress;2.233.672;4588.0;4590.0;0.043591979075849094;64567911
progress;2.236.672;4588.0;4590.0;0.043591979075849094;64637132
progress;2.239.723;4588.0;4590.0;0.043591979075849094;64707713
progress;2.242.737;4588.0;4590.0;0.043591979075849094;64800051
progress;2.247.058;4588.0;4590.0;0.043591979075849094;64857395
progress;2.250.312;4588.0;4590.0;0.043591979075849094;64875656
progress;2.253.489;4588.0;4590.0;0.043591979075849094;64911984
progress;2.257.041;4588.0;4590.0;0.043591979075849094;64947310
progress;2.262.384;4588.0;4590.0;0.043591979075849094;64958154
progress;2266.14;4588.0;4590.0;0.043591979075849094;64972726
progress;2.269.355;4588.0;4590.0;0.043591979075849094;64984155
progress;2.272.541;4588.0;4590.0;0.043591979075849094;65015950
progress;2.275.638;4588.0;4590.0;0.043591979075849094;65058336
progress;2.278.777;4588.0;4590.0;0.043591979075849094;65103303
progress;2.282.098;4588.0;4590.0;0.043591979075849094;65135034
progress;2.285.783;4588.0;4590.0;0.043591979075849094;65153570
progress;2.289.008;4588.0;4590.0;0.043591979075849094;65173646
progress;2.292.113;4588.0;4590.0;0.043591979075849094;65221719
progress;2.295.233;4588.0;4590.0;0.043591979075849094;65268401
progress;2.298.383;4588.0;4590.0;0.043591979075849094;65293710
progress;2.301.817;4588.0;4590.0;0.043591979075849094;65323171
progress;2.304.841;4588.0;4590.0;0.043591979075849094;65348753
progress;2.308.011;4588.0;4590.0;0.043591979075849094;65372318
progress;2.311.189;4588.0;4590.0;0.043591979075849094;65415227
progress;2.314.377;4588.0;4590.0;0.043591979075849094;65464667
progress;2.317.522;4588.0;4590.0;0.043591979075849094;65515117
progress;2.322.377;4588.0;4590.0;0.043591979075849094;65559585
progress;2.326.417;4588.0;4590.0;0.043591979075849094;65568802
progress;2.329.972;4588.0;4590.0;0.043591979075849094;65579445
progress;2.334.687;4588.0;4590.0;0.043591979075849094;65590984
progress;2.338.713;4588.0;4590.0;0.043591979075849094;65593966
progress;2.341.805;4588.0;4590.0;0.043591979075849094;65604845
progress;2.345.155;4588.0;4590.0;0.043591979075849094;65629959
progress;2.349.252;4588.0;4590.0;0.043591979075849094;65635659
progress;2.352.605;4588.0;4590.0;0.043591979075849094;65652929
progress;2.355.673;4588.0;4590.0;0.043591979075849094;65656150
progress;2.359.524;4588.0;4590.0;0.043591979075849094;65662406
progress;2.362.608;4588.0;4590.0;0.043591979075849094;65676309
progress;2.366.243;4588.0;4590.0;0.043591979075849094;65709781
progress;2.369.251;4588.0;4590.0;0.043591979075849094;65739513
progress;2.372.251;4588.0;4590.0;0.043591979075849094;65771890
progress;2.376.083;4588.0;4590.0;0.043591979075849094;65787603
progress;2.379.253;4588.0;4590.0;0.043591979075849094;65825586
progress;2.382.629;4588.0;4590.0;0.043591979075849094;65893143
progress;2.385.872;4588.0;4590.0;0.043591979075849094;65941803
progress;2389.29;4588.0;4590.0;0.043591979075849094;65982904
progress;2392.54;4588.0;4590.0;0.043591979075849094;66007258
progress;2395.54;4588.0;4590.0;0.043591979075849094;66015982
progress;2.398.626;4588.0;4590.0;0.043591979075849094;66040429
progress;2.402.066;4588.0;4590.0;0.043591979075849094;66056983
progress;2.405.533;4588.0;4590.0;0.043591979075849094;66087677
progress;2.408.592;4588.0;4590.0;0.043591979075849094;66122382
progress;2.411.744;4588.0;4590.0;0.043591979075849094;66168719
progress;2.416.684;4588.0;4590.0;0.043591979075849094;66189647
progress;2.419.781;4588.0;4590.0;0.043591979075849094;66223547
progress;2.422.868;4588.0;4590.0;0.043591979075849094;66249517
progress;2426.35;4588.0;4590.0;0.043591979075849094;66263108
progress;2.429.406;4588.0;4590.0;0.043591979075849094;66276098
progress;2432.48;4588.0;4590.0;0.043591979075849094;66336969
progress;2.435.529;4588.0;4590.0;0.043591979075849094;66426524
progress;2438.62;4588.0;4590.0;0.043591979075849094;66476397
progress;2.441.764;4588.0;4590.0;0.043591979075849094;66505869
progress;2.444.765;4588.0;4590.0;0.043591979075849094;66549103
progress;2447.84;4588.0;4590.0;0.043591979075849094;66611341
progress;2.451.009;4588.0;4590.0;0.043591979075849094;66663477
progress;2.454.245;4588.0;4590.0;0.043591979075849094;66692819
progress;2.457.714;4588.0;4590.0;0.043591979075849094;66719729
progress;2462.18;4588.0;4590.0;0.043591979075849094;66745993
progress;2.465.285;4588.0;4590.0;0.043591979075849094;66782532
progress;2.468.368;4588.0;4590.0;0.043591979075849094;66813400
progress;2.471.455;4588.0;4590.0;0.043591979075849094;66858552
progress;2.474.628;4588.0;4590.0;0.043591979075849094;66934490
progress;2.477.746;4588.0;4590.0;0.043591979075849094;66999024
progress;2.480.812;4588.0;4590.0;0.043591979075849094;67038113
progress;2.484.255;4588.0;4590.0;0.043591979075849094;67064242
progress;2.488.086;4588.0;4590.0;0.043591979075849094;67106340
progress;2.491.086;4588.0;4590.0;0.043591979075849094;67146760
progress;2.494.471;4588.0;4590.0;0.043591979075849094;67192976
progress;2.497.651;4588.0;4590.0;0.043591979075849094;67211553
progress;2.500.979;4588.0;4590.0;0.043591979075849094;67235422
progress;2.503.997;4588.0;4590.0;0.043591979075849094;67267497
progress;2.507.163;4588.0;4590.0;0.043591979075849094;67285984
progress;2.512.076;4588.0;4590.0;0.043591979075849094;67314513
progress;2.515.273;4588.0;4590.0;0.043591979075849094;67349283
progress;2.518.432;4588.0;4590.0;0.043591979075849094;67389514
progress;2.521.529;4588.0;4590.0;0.043591979075849094;67406801
progress;2.524.644;4588.0;4590.0;0.043591979075849094;67440348
progress;2.527.834;4588.0;4590.0;0.043591979075849094;67477951
progress;2.531.052;4588.0;4590.0;0.043591979075849094;67491291
progress;2.534.181;4588.0;4590.0;0.043591979075849094;67522178
progress;2.538.968;4588.0;4590.0;0.043591979075849094;67545896
progress;2.542.082;4588.0;4590.0;0.043591979075849094;67576329
progress;2547.84;4588.0;4590.0;0.043591979075849094;67594236
progress;2.552.701;4588.0;4590.0;0.043591979075849094;67597369
progress;2556.12;4588.0;4590.0;0.043591979075849094;67615619
progress;2.559.224;4588.0;4590.0;0.043591979075849094;67626539
progress;2.562.602;4588.0;4590.0;0.043591979075849094;67642051
progress;2.565.732;4588.0;4590.0;0.043591979075849094;67657911
progress;2.569.149;4588.0;4590.0;0.043591979075849094;67668776
progress;2572.32;4588.0;4590.0;0.043591979075849094;67682539
progress;2575.63;4588.0;4590.0;0.043591979075849094;67704126
progress;2.580.068;4588.0;4590.0;0.043591979075849094;67713223
progress;2.583.839;4588.0;4590.0;0.043591979075849094;67722633
progress;2.587.057;4588.0;4590.0;0.043591979075849094;67733128
progress;2.590.964;4588.0;4590.0;0.043591979075849094;67741109
progress;2.594.973;4588.0;4590.0;0.043591979075849094;67751950
progress;2598.12;4588.0;4590.0;0.043591979075849094;67760060
progress;2.601.304;4588.0;4590.0;0.043591979075849094;67777080
progress;2.604.946;4588.0;4590.0;0.043591979075849094;67787215
progress;2608.26;4588.0;4590.0;0.043591979075849094;67797993
progress;2.611.577;4588.0;4590.0;0.043591979075849094;67801323
progress;2.614.858;4588.0;4590.0;0.043591979075849094;67812742
progress;2.618.986;4588.0;4590.0;0.043591979075849094;67827425
progress;2.622.572;4588.0;4590.0;0.043591979075849094;67843859
progress;2.625.711;4588.0;4590.0;0.043591979075849094;67863192
progress;2.628.711;4588.0;4590.0;0.043591979075849094;67891737
progress;2.632.925;4588.0;4590.0;0.043591979075849094;67927965
progress;2.636.467;4588.0;4590.0;0.043591979075849094;67956917
progress;2.639.569;4588.0;4590.0;0.043591979075849094;67988619
progress;2.643.017;4588.0;4590.0;0.043591979075849094;68029639
progress;2646.33;4588.0;4590.0;0.043591979075849094;68075903
progress;2.650.208;4588.0;4590.0;0.043591979075849094;68111270
progress;2.653.208;4588.0;4590.0;0.043591979075849094;68188291
progress;2.656.254;4588.0;4590.0;0.043591979075849094;68262025
progress;2.659.279;4588.0;4590.0;0.043591979075849094;68305337
progress;2663.54;4588.0;4590.0;0.043591979075849094;68325611
progress;2.666.548;4588.0;4590.0;0.043591979075849094;68347767
progress;2.670.827;4588.0;4590.0;0.043591979075849094;68360396
progress;2.673.934;4588.0;4590.0;0.043591979075849094;68382549
progress;2.678.773;4588.0;4590.0;0.043591979075849094;68398382
progress;2.682.199;4588.0;4590.0;0.043591979075849094;68420520
progress;2.685.731;4588.0;4590.0;0.043591979075849094;68447728
progress;2.688.784;4588.0;4590.0;0.043591979075849094;68464864
progress;2.692.114;4588.0;4590.0;0.043591979075849094;68481619
progress;2.695.128;4588.0;4590.0;0.043591979075849094;68532136
progress;2.698.173;4588.0;4590.0;0.043591979075849094;68565910
progress;2.701.332;4588.0;4590.0;0.043591979075849094;68606422
progress;2.704.336;4588.0;4590.0;0.043591979075849094;68624701
progress;2.707.531;4588.0;4590.0;0.043591979075849094;68644981
progress;2.710.631;4588.0;4590.0;0.043591979075849094;68666813
progress;2.713.631;4588.0;4590.0;0.043591979075849094;68718718
progress;2.716.633;4588.0;4590.0;0.043591979075849094;68749723
progress;2.720.367;4588.0;4590.0;0.043591979075849094;68774347
progress;2.725.431;4588.0;4590.0;0.043591979075849094;68804368
progress;2.728.501;4588.0;4590.0;0.043591979075849094;68846701
progress;2.731.591;4588.0;4590.0;0.043591979075849094;68887927
progress;2.734.838;4588.0;4590.0;0.043591979075849094;68926179
progress;2.738.114;4588.0;4590.0;0.043591979075849094;68949891
progress;2.742.629;4588.0;4590.0;0.043591979075849094;68964128
progress;2.747.125;4588.0;4590.0;0.043591979075849094;68970262
progress;2.750.212;4588.0;4590.0;0.043591979075849094;68977807
progress;2.753.485;4588.0;4590.0;0.043591979075849094;68981251
progress;2.759.752;4588.0;4590.0;0.043591979075849094;68989673
progress;2.763.246;4588.0;4590.0;0.043591979075849094;68999244
progress;2.766.667;4588.0;4590.0;0.043591979075849094;69011237
progress;2.770.015;4588.0;4590.0;0.043591979075849094;69023192
progress;2.773.177;4588.0;4590.0;0.043591979075849094;69033360
progress;2.776.478;4588.0;4590.0;0.043591979075849094;69039653
progress;2780.41;4588.0;4590.0;0.043591979075849094;69055531
progress;2.784.319;4588.0;4590.0;0.043591979075849094;69066935
progress;2.787.893;4588.0;4590.0;0.043591979075849094;69081601
progress;2.791.033;4588.0;4590.0;0.043591979075849094;69100961
progress;2.794.071;4588.0;4590.0;0.043591979075849094;69116233
progress;2.797.131;4588.0;4590.0;0.043591979075849094;69129856
progress;2800.32;4588.0;4590.0;0.043591979075849094;69155425
progress;2.803.524;4588.0;4590.0;0.043591979075849094;69179451
progress;2.807.923;4588.0;4590.0;0.043591979075849094;69214213
progress;2.811.028;4588.0;4590.0;0.043591979075849094;69282049
progress;2.814.159;4588.0;4590.0;0.043591979075849094;69333692
progress;2.817.184;4588.0;4590.0;0.043591979075849094;69378407
progress;2.820.201;4588.0;4590.0;0.043591979075849094;69475737
progress;2.823.764;4588.0;4590.0;0.043591979075849094;69536380
progress;2.827.952;4588.0;4590.0;0.043591979075849094;69568226
progress;2.831.433;4588.0;4590.0;0.043591979075849094;69581670
progress;2.834.433;4588.0;4590.0;0.043591979075849094;69609099
progress;2.837.907;4588.0;4590.0;0.043591979075849094;69643233
progress;2.840.925;4588.0;4590.0;0.043591979075849094;69690589
progress;2.844.064;4588.0;4590.0;0.043591979075849094;69754793
progress;2.847.093;4588.0;4590.0;0.043591979075849094;69820031
progress;2.850.234;4588.0;4590.0;0.043591979075849094;69874946
progress;2.853.242;4588.0;4590.0;0.043591979075849094;69896770
progress;2.856.496;4588.0;4590.0;0.043591979075849094;69927592
progress;2.859.702;4588.0;4590.0;0.043591979075849094;69963189
progress;2.862.783;4588.0;4590.0;0.043591979075849094;70009418
progress;2.865.783;4588.0;4590.0;0.043591979075849094;70058727
progress;2.868.802;4588.0;4590.0;0.043591979075849094;70091451
progress;2.871.885;4588.0;4590.0;0.043591979075849094;70158301
progress;2.875.023;4588.0;4590.0;0.043591979075849094;70172240
progress;2.878.095;4588.0;4590.0;0.043591979075849094;70234487
progress;2.881.231;4588.0;4590.0;0.043591979075849094;70295746
progress;2.884.231;4588.0;4590.0;0.043591979075849094;70339831
progress;2.887.295;4588.0;4590.0;0.043591979075849094;70380023
progress;2.890.339;4588.0;4590.0;0.043591979075849094;70443991
progress;2.893.365;4588.0;4590.0;0.043591979075849094;70516818
progress;2.896.432;4588.0;4590.0;0.043591979075849094;70594318
progress;2.899.441;4588.0;4590.0;0.043591979075849094;70660614
progress;2.902.457;4588.0;4590.0;0.043591979075849094;70723575
progress;2.905.457;4588.0;4590.0;0.043591979075849094;70790734
progress;2.908.457;4588.0;4590.0;0.043591979075849094;70837994
progress;2911.49;4588.0;4590.0;0.043591979075849094;70892373
progress;2.914.498;4588.0;4590.0;0.043591979075849094;70976841
progress;2.917.498;4588.0;4590.0;0.043591979075849094;71070603
progress;2.920.502;4588.0;4590.0;0.043591979075849094;71145377
progress;2.923.559;4588.0;4590.0;0.043591979075849094;71186579
progress;2.926.565;4588.0;4590.0;0.043591979075849094;71239304
progress;2.929.667;4588.0;4590.0;0.043591979075849094;71274092
progress;2.932.743;4588.0;4590.0;0.043591979075849094;71322564
progress;2.937.109;4588.0;4590.0;0.043591979075849094;71342179
progress;2.940.109;4588.0;4590.0;0.043591979075849094;71395340
progress;2.943.287;4588.0;4590.0;0.043591979075849094;71449576
progress;2.946.896;4588.0;4590.0;0.043591979075849094;71497266
progress;2.949.944;4588.0;4590.0;0.043591979075849094;71548759
progress;2.953.021;4588.0;4590.0;0.043591979075849094;71604668
progress;2.956.021;4588.0;4590.0;0.043591979075849094;71665212
progress;2.959.062;4588.0;4590.0;0.043591979075849094;71725963
progress;2.962.062;4588.0;4590.0;0.043591979075849094;71756402
progress;2.965.155;4588.0;4590.0;0.043591979075849094;71819106
progress;2.968.155;4588.0;4590.0;0.043591979075849094;71879554
progress;2.971.161;4588.0;4590.0;0.043591979075849094;71940191
progress;2.974.272;4588.0;4590.0;0.043591979075849094;72001092
progress;2.977.352;4588.0;4590.0;0.043591979075849094;72071502
progress;2.980.352;4588.0;4590.0;0.043591979075849094;72136347
progress;2.983.451;4588.0;4590.0;0.043591979075849094;72200607
progress;2.986.487;4588.0;4590.0;0.043591979075849094;72257170
progress;2.989.576;4588.0;4590.0;0.043591979075849094;72327520
progress;2.992.666;4588.0;4590.0;0.043591979075849094;72376357
progress;2.996.875;4588.0;4590.0;0.043591979075849094;72426650
progress;2.999.875;4588.0;4590.0;0.043591979075849094;72508619
progress;3.002.884;4588.0;4590.0;0.043591979075849094;72595522
progress;3.005.886;4588.0;4590.0;0.043591979075849094;72680394
progress;3.008.897;4588.0;4590.0;0.043591979075849094;72761310
progress;3.011.921;4588.0;4590.0;0.043591979075849094;72821725
progress;3.014.941;4588.0;4590.0;0.043591979075849094;72917910
progress;3.019.123;4588.0;4590.0;0.043591979075849094;72990864
progress;3022.38;4588.0;4590.0;0.043591979075849094;73033896
progress;3.025.531;4588.0;4590.0;0.043591979075849094;73051102
progress;3.028.565;4588.0;4590.0;0.043591979075849094;73078182
progress;3.031.707;4588.0;4590.0;0.043591979075849094;73113744
progress;3.034.856;4588.0;4590.0;0.043591979075849094;73133348
progress;3.037.991;4588.0;4590.0;0.043591979075849094;73167654
progress;3.041.193;4588.0;4590.0;0.043591979075849094;73180783
progress;3.049.045;4588.0;4590.0;0.043591979075849094;73189301
progress;3.052.059;4588.0;4590.0;0.043591979075849094;73216155
progress;3.055.247;4588.0;4590.0;0.043591979075849094;73241222
progress;3.058.247;4588.0;4590.0;0.043591979075849094;73264019
progress;3.061.275;4588.0;4590.0;0.043591979075849094;73291950
progress;3.064.684;4588.0;4590.0;0.043591979075849094;73320539
progress;3.067.687;4588.0;4590.0;0.043591979075849094;73342364
progress;3.070.767;4588.0;4590.0;0.043591979075849094;73369671
progress;3.074.034;4588.0;4590.0;0.043591979075849094;73398285
progress;3.077.208;4588.0;4590.0;0.043591979075849094;73427528
progress;3.080.305;4588.0;4590.0;0.043591979075849094;73461906
progress;3.083.514;4588.0;4590.0;0.043591979075849094;73496948
progress;3.086.651;4588.0;4590.0;0.043591979075849094;73535383
progress;3.090.498;4588.0;4590.0;0.043591979075849094;73569394
progress;3.093.573;4588.0;4590.0;0.043591979075849094;73594593
progress;3.096.777;4588.0;4590.0;0.043591979075849094;73620684
progress;3.099.941;4588.0;4590.0;0.043591979075849094;73642784
progress;3.103.195;4588.0;4590.0;0.043591979075849094;73666932
progress;3.106.458;4588.0;4590.0;0.043591979075849094;73691962
progress;3109.62;4588.0;4590.0;0.043591979075849094;73708237
progress;3.112.688;4588.0;4590.0;0.043591979075849094;73733804
progress;3.115.829;4588.0;4590.0;0.043591979075849094;73759054
progress;3.118.925;4588.0;4590.0;0.043591979075849094;73783697
progress;3.122.007;4588.0;4590.0;0.043591979075849094;73808500
progress;3.125.281;4588.0;4590.0;0.043591979075849094;73832437
progress;3.128.543;4588.0;4590.0;0.043591979075849094;73853687
progress;3.131.543;4588.0;4590.0;0.043591979075849094;73881819
progress;3.134.543;4588.0;4590.0;0.043591979075849094;73911906
progress;3.137.701;4588.0;4590.0;0.043591979075849094;73941224
progress;3140.78;4588.0;4590.0;0.043591979075849094;73966297
progress;3.143.868;4588.0;4590.0;0.043591979075849094;73991229
progress;3.147.157;4588.0;4590.0;0.043591979075849094;74016552
progress;3.150.235;4588.0;4590.0;0.043591979075849094;74042733
progress;3.153.258;4588.0;4590.0;0.043591979075849094;74070286
progress;3.156.621;4588.0;4590.0;0.043591979075849094;74093087
progress;3.159.643;4588.0;4590.0;0.043591979075849094;74135407
progress;3.162.789;4588.0;4590.0;0.043591979075849094;74180395
progress;3.165.851;4588.0;4590.0;0.043591979075849094;74202028
progress;3.168.921;4588.0;4590.0;0.043591979075849094;74248364
progress;3.171.921;4588.0;4590.0;0.043591979075849094;74281390
progress;3.174.927;4588.0;4590.0;0.043591979075849094;74322152
progress;3.178.009;4588.0;4590.0;0.043591979075849094;74342945
progress;3.181.009;4588.0;4590.0;0.043591979075849094;74376435
progress;3.184.252;4588.0;4590.0;0.043591979075849094;74416576
progress;3.187.465;4588.0;4590.0;0.043591979075849094;74447024
progress;3.190.529;4588.0;4590.0;0.043591979075849094;74480911
progress;3.193.594;4588.0;4590.0;0.043591979075849094;74503895
progress;3.196.678;4588.0;4590.0;0.043591979075849094;74563377
progress;3.199.764;4588.0;4590.0;0.043591979075849094;74618597
progress;3.202.847;4588.0;4590.0;0.043591979075849094;74686404
progress;3.205.847;4588.0;4590.0;0.043591979075849094;74733137
progress;3.208.903;4588.0;4590.0;0.043591979075849094;74770294
progress;3.211.928;4588.0;4590.0;0.043591979075849094;74839358
progress;3.215.053;4588.0;4590.0;0.043591979075849094;74910839
progress;3.218.358;4588.0;4590.0;0.043591979075849094;74960764
progress;3.221.358;4588.0;4590.0;0.043591979075849094;75031504
progress;3.224.751;4588.0;4590.0;0.043591979075849094;75113711
progress;3.227.825;4588.0;4590.0;0.043591979075849094;75206538
progress;3.230.825;4588.0;4590.0;0.043591979075849094;75284886
progress;3.234.017;4588.0;4590.0;0.043591979075849094;75339536
progress;3.237.059;4588.0;4590.0;0.043591979075849094;75402475
progress;3.240.079;4588.0;4590.0;0.043591979075849094;75477151
progress;3.243.312;4588.0;4590.0;0.043591979075849094;75555494
progress;3.246.369;4588.0;4590.0;0.043591979075849094;75569471
progress;3.249.369;4588.0;4590.0;0.043591979075849094;75633123
progress;3.254.756;4588.0;4590.0;0.043591979075849094;75644532
progress;3.257.827;4588.0;4590.0;0.043591979075849094;75699237
progress;3.260.827;4588.0;4590.0;0.043591979075849094;75783389
progress;3.263.843;4588.0;4590.0;0.043591979075849094;75834840
progress;3267.24;4588.0;4590.0;0.043591979075849094;75884860
progress;3.270.308;4588.0;4590.0;0.043591979075849094;75940891
progress;3273.32;4588.0;4590.0;0.043591979075849094;76014960
progress;3.276.328;4588.0;4590.0;0.043591979075849094;76089754
progress;3.279.366;4588.0;4590.0;0.043591979075849094;76167415
progress;3.282.366;4588.0;4590.0;0.043591979075849094;76238824
progress;3285.45;4588.0;4590.0;0.043591979075849094;76310867
progress;3.288.506;4588.0;4590.0;0.043591979075849094;76402604
progress;3.291.555;4588.0;4590.0;0.043591979075849094;76496234
progress;3.294.618;4588.0;4590.0;0.043591979075849094;76574675
progress;3.298.442;4588.0;4590.0;0.043591979075849094;76616324
progress;3.301.496;4588.0;4590.0;0.043591979075849094;76695045
progress;3.304.534;4588.0;4590.0;0.043591979075849094;76781150
progress;3307.58;4588.0;4590.0;0.043591979075849094;76853656
progress;3.310.765;4588.0;4590.0;0.043591979075849094;76934474
progress;3.313.827;4588.0;4590.0;0.043591979075849094;77028262
progress;3.317.323;4588.0;4590.0;0.043591979075849094;77080651
progress;3.320.383;4588.0;4590.0;0.043591979075849094;77177274
progress;3.323.444;4588.0;4590.0;0.043591979075849094;77271358
progress;3.327.294;4588.0;4590.0;0.043591979075849094;77322678
progress;3.330.294;4588.0;4590.0;0.043591979075849094;77382907
progress;3.333.294;4588.0;4590.0;0.043591979075849094;77476518
progress;3.336.355;4588.0;4590.0;0.043591979075849094;77566032
progress;3.339.393;4588.0;4590.0;0.043591979075849094;77652040
progress;3.342.393;4588.0;4590.0;0.043591979075849094;77710832
progress;3.345.457;4588.0;4590.0;0.043591979075849094;77803176
progress;3.348.462;4588.0;4590.0;0.043591979075849094;77900647
progress;3.351.585;4588.0;4590.0;0.043591979075849094;77967669
progress;3.354.662;4588.0;4590.0;0.043591979075849094;78028646
progress;3.357.662;4588.0;4590.0;0.043591979075849094;78066867
progress;3.360.878;4588.0;4590.0;0.043591979075849094;78081636
progress;3.363.998;4588.0;4590.0;0.043591979075849094;78113461
progress;3367.05;4588.0;4590.0;0.043591979075849094;78139995
progress;3.370.087;4588.0;4590.0;0.043591979075849094;78169386
progress;3.373.087;4588.0;4590.0;0.043591979075849094;78200060
progress;3.376.147;4588.0;4590.0;0.043591979075849094;78234569
progress;3.379.374;4588.0;4590.0;0.043591979075849094;78269830
progress;3.382.488;4588.0;4590.0;0.043591979075849094;78300188
progress;3.385.597;4588.0;4590.0;0.043591979075849094;78334712
progress;3.388.703;4588.0;4590.0;0.043591979075849094;78357638
progress;3.392.029;4588.0;4590.0;0.043591979075849094;78394098
progress;3.395.867;4588.0;4590.0;0.043591979075849094;78427334
progress;3.400.888;4588.0;4590.0;0.043591979075849094;78431245
progress;3.404.044;4588.0;4590.0;0.043591979075849094;78467662
progress;3.407.044;4588.0;4590.0;0.043591979075849094;78503851
progress;3.410.044;4588.0;4.589.999.999.999.990;0.04359197907582927;78552686
progress;3.413.044;4588.0;4.589.999.999.999.990;0.04359197907582927;78599208
progress;3.416.204;4588.0;4.589.999.999.999.990;0.04359197907582927;78648471
progress;3.419.204;4588.0;4.589.999.999.999.990;0.04359197907582927;78698144
progress;3.422.264;4588.0;4.589.999.999.999.990;0.04359197907582927;78758266
progress;3.425.322;4588.0;4.589.999.999.999.990;0.04359197907582927;78823536
progress;3.428.409;4588.0;4.589.999.999.999.990;0.04359197907582927;78876909
progress;3.431.585;4588.0;4.589.999.999.999.990;0.04359197907582927;78932015
progress;3.434.597;4588.0;4.589.999.999.999.990;0.04359197907582927;78982468
progress;3.437.734;4588.0;4.589.999.999.999.990;0.04359197907582927;79043990
progress;3.440.736;4588.0;4.589.999.999.999.990;0.04359197907582927;79103984
progress;3.443.776;4588.0;4.589.999.999.999.990;0.04359197907582927;79135588
progress;3.446.809;4588.0;4.589.999.999.999.990;0.04359197907582927;79189651
progress;3.449.926;4588.0;4.589.999.999.999.990;0.04359197907582927;79255690
progress;3.452.961;4588.0;4.589.999.999.999.990;0.04359197907582927;79318449
progress;3.455.961;4588.0;4.589.999.999.999.990;0.04359197907582927;79379033
progress;3.459.004;4588.0;4.589.999.999.999.990;0.04359197907582927;79438064
progress;3.462.004;4588.0;4.589.999.999.999.990;0.04359197907582927;79530617
progress;3.465.017;4588.0;4.589.999.999.999.990;0.04359197907582927;79612703
progress;3.468.119;4588.0;4.589.999.999.999.990;0.04359197907582927;79667733
progress;3.471.181;4588.0;4.589.999.999.999.990;0.04359197907582927;79739988
progress;3.474.332;4588.0;4.589.999.999.999.990;0.04359197907582927;79801462
progress;3.477.421;4588.0;4.589.999.999.999.990;0.04359197907582927;79851552
progress;3.480.445;4588.0;4.589.999.999.999.990;0.04359197907582927;79898182
progress;3.483.561;4588.0;4.589.999.999.999.990;0.04359197907582927;79959619
progress;3.486.582;4588.0;4.589.999.999.999.990;0.04359197907582927;80027318
progress;3.489.595;4588.0;4.589.999.999.999.990;0.04359197907582927;80097135
progress;3.492.603;4588.0;4.589.999.999.999.990;0.04359197907582927;80165718
progress;3.495.771;4588.0;4.589.999.999.999.990;0.04359197907582927;80235786
progress;3.498.808;4588.0;4.589.999.999.999.990;0.04359197907582927;80294973
progress;3.501.894;4588.0;4.589.999.999.999.990;0.04359197907582927;80356787
progress;3.504.972;4588.0;4.589.999.999.999.990;0.04359197907582927;80424816
progress;3.508.695;4588.0;4.589.999.999.999.990;0.04359197907582927;80461164
progress;3.511.695;4588.0;4.589.999.999.999.990;0.04359197907582927;80527803
progress;3.514.809;4588.0;4.589.999.999.999.990;0.04359197907582927;80593750
progress;3.517.875;4588.0;4.589.999.999.999.990;0.04359197907582927;80657529
progress;3.520.933;4588.0;4.589.999.999.999.990;0.04359197907582927;80723641
progress;3.523.972;4588.0;4.589.999.999.999.990;0.04359197907582927;80784892
progress;3527.04;4588.0;4.589.999.999.999.990;0.04359197907582927;80844241
progress;3530.1;4588.0;4.589.999.999.999.990;0.04359197907582927;80885418
progress;3533.1;4588.0;4.589.999.999.999.990;0.04359197907582927;80946719
progress;3536.12;4588.0;4.589.999.999.999.990;0.04359197907582927;81010187
progress;3.539.204;4588.0;4.589.999.999.999.990;0.04359197907582927;81084411
progress;3.542.915;4588.0;4.589.999.999.999.990;0.04359197907582927;81136250
progress;3.545.936;4588.0;4.589.999.999.999.990;0.04359197907582927;81206110
progress;3.548.988;4588.0;4.589.999.999.999.990;0.04359197907582927;81265109
progress;3.551.997;4588.0;4.589.999.999.999.990;0.04359197907582927;81336930
progress;3.555.271;4588.0;4.589.999.999.999.990;0.04359197907582927;81408081
progress;3.558.324;4588.0;4.589.999.999.999.990;0.04359197907582927;81493033
progress;3.561.409;4588.0;4.589.999.999.999.990;0.04359197907582927;81570068
progress;3.564.487;4588.0;4.589.999.999.999.990;0.04359197907582927;81636289
progress;3.567.487;4588.0;4.589.999.999.999.990;0.04359197907582927;81686073
progress;3.570.499;4588.0;4.589.999.999.999.990;0.04359197907582927;81732464
progress;3573.56;4588.0;4.589.999.999.999.990;0.04359197907582927;81768723
progress;3.577.918;4588.0;4.589.999.999.999.990;0.04359197907582927;81786390
progress;3.580.977;4588.0;4.589.999.999.999.990;0.04359197907582927;81818201
progress;3.583.977;4588.0;4.589.999.999.999.990;0.04359197907582927;81862093
progress;3.586.978;4588.0;4.589.999.999.999.990;0.04359197907582927;81913790
progress;3.590.075;4588.0;4.589.999.999.999.990;0.04359197907582927;81970693
progress;3.593.189;4588.0;4.589.999.999.999.990;0.04359197907582927;82035085
progress;3.596.386;4588.0;4.589.999.999.999.990;0.04359197907582927;82094326
progress;3.599.386;4588.0;4.589.999.999.999.990;0.04359197907582927;82150508
progress;3.602.546;4588.0;4.589.999.999.999.990;0.04359197907582927;82186400
progress;3.605.838;4588.0;4.589.999.999.999.990;0.04359197907582927;82213299
progress;3.608.973;4588.0;4.589.999.999.999.990;0.04359197907582927;82258027
progress;3.613.531;4588.0;4.589.999.999.999.990;0.04359197907582927;82263142
progress;3.616.645;4588.0;4.589.999.999.999.990;0.04359197907582927;82314880
progress;3.619.728;4588.0;4.589.999.999.999.990;0.04359197907582927;82361296
progress;3.624.758;4588.0;4.589.999.999.999.990;0.04359197907582927;82407408
progress;3.627.824;4588.0;4.589.999.999.999.990;0.04359197907582927;82431049
progress;3.630.865;4588.0;4.589.999.999.999.990;0.04359197907582927;82483060
progress;3.633.969;4588.0;4.589.999.999.999.990;0.04359197907582927;82542689
progress;3.637.075;4588.0;4.589.999.999.999.990;0.04359197907582927;82597938
progress;3.640.093;4588.0;4.589.999.999.999.990;0.04359197907582927;82639903
progress;3.643.093;4588.0;4.589.999.999.999.990;0.04359197907582927;82717721
progress;3.646.138;4588.0;4.589.999.999.999.990;0.04359197907582927;82758053
progress;3.649.138;4588.0;4.589.999.999.999.990;0.04359197907582927;82828724
progress;3.653.066;4588.0;4.589.999.999.999.990;0.04359197907582927;82873894
progress;3.656.182;4588.0;4.589.999.999.999.990;0.04359197907582927;82947846
progress;3.659.268;4588.0;4.589.999.999.999.990;0.04359197907582927;83022401
progress;3.662.345;4588.0;4.589.999.999.999.990;0.04359197907582927;83110341
progress;3.665.345;4588.0;4.589.999.999.999.990;0.04359197907582927;83174694
progress;3.668.385;4588.0;4.589.999.999.999.990;0.04359197907582927;83256839
progress;3.671.465;4588.0;4.589.999.999.999.990;0.04359197907582927;83312454
progress;3.674.534;4588.0;4.589.999.999.999.990;0.04359197907582927;83374175
progress;3.677.636;4588.0;4.589.999.999.999.990;0.04359197907582927;83429824
progress;3.680.772;4588.0;4.589.999.999.999.990;0.04359197907582927;83477475
progress;3.685.196;4588.0;4.589.999.999.999.990;0.04359197907582927;83529264
progress;3688.27;4588.0;4.589.999.999.999.990;0.04359197907582927;83607257
progress;3.691.291;4588.0;4.589.999.999.999.990;0.04359197907582927;83690347
progress;3.694.291;4588.0;4.589.999.999.999.990;0.04359197907582927;83760535
progress;3.697.304;4588.0;4.589.999.999.999.990;0.04359197907582927;83771231
progress;3.700.304;4588.0;4.589.999.999.999.990;0.04359197907582927;83847726
progress;3.703.457;4588.0;4.589.999.999.999.990;0.04359197907582927;83922294
progress;3.706.674;4588.0;4.589.999.999.999.990;0.04359197907582927;83972157
progress;3.710.334;4588.0;4.589.999.999.999.990;0.04359197907582927;83975719
progress;3.713.334;4588.0;4.589.999.999.999.990;0.04359197907582927;84046573
progress;3.716.527;4588.0;4.589.999.999.999.990;0.04359197907582927;84092989
progress;3.719.625;4588.0;4.589.999.999.999.990;0.04359197907582927;84134256
progress;3.724.401;4588.0;4.589.999.999.999.990;0.04359197907582927;84177495
progress;3731.95;4588.0;4.589.999.999.999.990;0.04359197907582927;84208283
progress;3734.95;4588.0;4.589.999.999.999.990;0.04359197907582927;84251011
progress;3.737.981;4588.0;4.589.999.999.999.990;0.04359197907582927;84290901
progress;3.741.326;4588.0;4.589.999.999.999.990;0.04359197907582927;84325268
progress;3.744.378;4588.0;4.589.999.999.999.990;0.04359197907582927;84349708
progress;3.747.663;4588.0;4.589.999.999.999.990;0.04359197907582927;84379976
progress;3.750.827;4588.0;4.589.999.999.999.990;0.04359197907582927;84405564
progress;3.753.969;4588.0;4.589.999.999.999.990;0.04359197907582927;84451603
progress;3.757.032;4588.0;4.589.999.999.999.990;0.04359197907582927;84495655
progress;3.760.112;4588.0;4.589.999.999.999.990;0.04359197907582927;84542537
progress;3.763.238;4588.0;4.589.999.999.999.990;0.04359197907582927;84593992
progress;3.766.238;4588.0;4.589.999.999.999.990;0.04359197907582927;84649414
progress;3.769.238;4588.0;4.589.999.999.999.990;0.04359197907582927;84698693
progress;3772.24;4588.0;4.589.999.999.999.990;0.04359197907582927;84760868
progress;3.775.254;4588.0;4.589.999.999.999.990;0.04359197907582927;84797010
progress;3.778.474;4588.0;4.589.999.999.999.990;0.04359197907582927;84844369
progress;3.781.595;4588.0;4.589.999.999.999.990;0.04359197907582927;84894140
progress;3.784.703;4588.0;4.589.999.999.999.990;0.04359197907582927;84917583
progress;3.787.703;4588.0;4.589.999.999.999.990;0.04359197907582927;84979884
progress;3.790.703;4588.0;4.589.999.999.999.990;0.04359197907582927;85032260
progress;3.793.761;4588.0;4.589.999.999.999.990;0.04359197907582927;85075187
progress;3.796.776;4588.0;4.589.999.999.999.990;0.04359197907582927;85133179
progress;3.799.781;4588.0;4.589.999.999.999.990;0.04359197907582927;85175845
progress;3.802.848;4588.0;4.589.999.999.999.990;0.04359197907582927;85240637
progress;3.805.883;4588.0;4.589.999.999.999.990;0.04359197907582927;85297676
progress;3809.0;4588.0;4.589.999.999.999.990;0.04359197907582927;85351593
progress;3.812.131;4588.0;4.589.999.999.999.990;0.04359197907582927;85414187
progress;3.815.197;4588.0;4.589.999.999.999.990;0.04359197907582927;85475341
progress;3.820.116;4588.0;4.589.999.999.999.990;0.04359197907582927;85511985
progress;3825.17;4588.0;4.589.999.999.999.990;0.04359197907582927;85515011
progress;3.832.272;4588.0;4.589.999.999.999.990;0.04359197907582927;85525521
progress;3.835.272;4588.0;4.589.999.999.999.990;0.04359197907582927;85584439
progress;3.838.272;4588.0;4.589.999.999.999.990;0.04359197907582927;85652607
progress;3.841.309;4588.0;4.589.999.999.999.990;0.04359197907582927;85716071
progress;3.844.401;4588.0;4.589.999.999.999.990;0.04359197907582927;85790390
progress;3.847.486;4588.0;4.589.999.999.999.990;0.04359197907582927;85871063
progress;3850.56;4588.0;4.589.999.999.999.990;0.04359197907582927;85939101
progress;3.853.697;4588.0;4.589.999.999.999.990;0.04359197907582927;85986193
progress;3.856.732;4588.0;4.589.999.999.999.990;0.04359197907582927;86076866
progress;3.859.732;4588.0;4.589.999.999.999.990;0.04359197907582927;86169339
progress;3.862.809;4588.0;4.589.999.999.999.990;0.04359197907582927;86213666
progress;3.865.902;4588.0;4.589.999.999.999.990;0.04359197907582927;86264775
progress;3.868.902;4588.0;4.589.999.999.999.990;0.04359197907582927;86336491
progress;3871.98;4588.0;4.589.999.999.999.990;0.04359197907582927;86407553
progress;3.875.009;4588.0;4.589.999.999.999.990;0.04359197907582927;86477338
progress;3.878.009;4588.0;4.589.999.999.999.990;0.04359197907582927;86532516
progress;3.881.013;4588.0;4.589.999.999.999.990;0.04359197907582927;86575092
progress;3.884.037;4588.0;4.589.999.999.999.990;0.04359197907582927;86645144
progress;3.888.067;4588.0;4.589.999.999.999.990;0.04359197907582927;86699395
progress;3.891.077;4588.0;4.589.999.999.999.990;0.04359197907582927;86754044
progress;3.894.152;4588.0;4.589.999.999.999.990;0.04359197907582927;86821877
progress;3.897.155;4588.0;4.589.999.999.999.990;0.04359197907582927;86875833
progress;3.900.212;4588.0;4.589.999.999.999.990;0.04359197907582927;86948578
progress;3903.66;4588.0;4.589.999.999.999.990;0.04359197907582927;86997482
progress;3.906.718;4588.0;4.589.999.999.999.990;0.04359197907582927;87079435
progress;3.909.752;4588.0;4.589.999.999.999.990;0.04359197907582927;87141548
progress;3.912.763;4588.0;4.589.999.999.999.990;0.04359197907582927;87213255
progress;3.915.785;4588.0;4.589.999.999.999.990;0.04359197907582927;87287597
progress;3.918.785;4588.0;4.589.999.999.999.990;0.04359197907582927;87374912
progress;3.921.792;4588.0;4.589.999.999.999.990;0.04359197907582927;87445605
progress;3.924.843;4588.0;4.589.999.999.999.990;0.04359197907582927;87514479
progress;3.927.843;4588.0;4.589.999.999.999.990;0.04359197907582927;87585310
progress;3.930.873;4588.0;4.589.999.999.999.990;0.04359197907582927;87672829
progress;3.933.873;4588.0;4.589.999.999.999.990;0.04359197907582927;87772191
progress;3.936.946;4588.0;4.589.999.999.999.990;0.04359197907582927;87877502
progress;3939.95;4588.0;4.589.999.999.999.990;0.04359197907582927;87972695
progress;3.942.958;4588.0;4.589.999.999.999.990;0.04359197907582927;88052452
progress;3.945.968;4588.0;4.589.999.999.999.990;0.04359197907582927;88154506
progress;3948.97;4588.0;4.589.999.999.999.990;0.04359197907582927;88250624
progress;3951.97;4588.0;4.589.999.999.999.990;0.04359197907582927;88281134
progress;3954.97;4588.0;4.589.999.999.999.990;0.04359197907582927;88368182
progress;3.958.032;4588.0;4.589.999.999.999.990;0.04359197907582927;88461510
progress;3.961.049;4588.0;4.589.999.999.999.990;0.04359197907582927;88547308
progress;3.964.099;4588.0;4.589.999.999.999.990;0.04359197907582927;88628162
progress;3.967.117;4588.0;4.589.999.999.999.990;0.04359197907582927;88724078
progress;3.970.165;4588.0;4.589.999.999.999.990;0.04359197907582927;88820404
progress;3.973.216;4588.0;4.589.999.999.999.990;0.04359197907582927;88911791
progress;3.976.282;4588.0;4.589.999.999.999.990;0.04359197907582927;89004627
progress;3.979.282;4588.0;4.589.999.999.999.990;0.04359197907582927;89100729
progress;3.982.358;4588.0;4.589.999.999.999.990;0.04359197907582927;89188069
progress;3986.82;4588.0;4.589.999.999.999.990;0.04359197907582927;89245931
progress;3.989.972;4588.0;4.589.999.999.999.990;0.04359197907582927;89304020
progress;3.993.005;4588.0;4.589.999.999.999.990;0.04359197907582927;89333797
progress;3.996.005;4588.0;4.589.999.999.999.990;0.04359197907582927;89425929
progress;3.999.109;4588.0;4.589.999.999.999.990;0.04359197907582927;89516303
progress;4.002.109;4588.0;4.589.999.999.999.990;0.04359197907582927;89592936
progress;4.005.142;4588.0;4.589.999.999.999.990;0.04359197907582927;89646539
progress;4.008.209;4588.0;4.589.999.999.999.990;0.04359197907582927;89721814
progress;4.011.244;4588.0;4.589.999.999.999.990;0.04359197907582927;89796209
progress;4.014.292;4588.0;4.589.999.999.999.990;0.04359197907582927;89875216
progress;4.017.292;4588.0;4.589.999.999.999.990;0.04359197907582927;89920738
progress;4.020.292;4588.0;4.589.999.999.999.990;0.04359197907582927;89983830
progress;4.023.406;4588.0;4.589.999.999.999.990;0.04359197907582927;90041334
progress;4.026.509;4588.0;4.589.999.999.999.990;0.04359197907582927;90079883
progress;4.029.509;4588.0;4.589.999.999.999.990;0.04359197907582927;90128441
progress;4.032.648;4588.0;4.589.999.999.999.990;0.04359197907582927;90150770
progress;4.037.776;4588.0;4.589.999.999.999.990;0.04359197907582927;90192912
progress;4.040.846;4588.0;4.589.999.999.999.990;0.04359197907582927;90255608
progress;4.043.967;4588.0;4.589.999.999.999.990;0.04359197907582927;90310703
progress;4.046.983;4588.0;4.589.999.999.999.990;0.04359197907582927;90344154
progress;4.050.042;4588.0;4.589.999.999.999.990;0.04359197907582927;90400596
progress;4.053.144;4588.0;4.589.999.999.999.990;0.04359197907582927;90451286
progress;4.056.188;4588.0;4.589.999.999.999.990;0.04359197907582927;90516419
progress;4059.19;4588.0;4.589.999.999.999.990;0.04359197907582927;90581219
progress;4.063.655;4588.0;4.589.999.999.999.990;0.04359197907582927;90646213
progress;4.069.147;4588.0;4.589.999.999.999.990;0.04359197907582927;90712071
progress;4.072.147;4588.0;4.589.999.999.999.990;0.04359197907582927;90791618
progress;4075.23;4588.0;4.589.999.999.999.990;0.04359197907582927;90860326
progress;4.078.307;4588.0;4.589.999.999.999.990;0.04359197907582927;90924372
progress;4.081.307;4588.0;4.589.999.999.999.990;0.04359197907582927;90938454
progress;4.084.307;4588.0;4.589.999.999.999.990;0.04359197907582927;91008662
progress;4.087.387;4588.0;4.589.999.999.999.990;0.04359197907582927;91074738
progress;4091.78;4588.0;4.589.999.999.999.990;0.04359197907582927;91129417
progress;4.095.603;4588.0;4.589.999.999.999.990;0.04359197907582927;91133052
progress;4.098.603;4588.0;4.589.999.999.999.990;0.04359197907582927;91210901
progress;4.101.698;4588.0;4.589.999.999.999.990;0.04359197907582927;91279048
progress;4.104.741;4588.0;4.589.999.999.999.990;0.04359197907582927;91345782
progress;4.107.767;4588.0;4.589.999.999.999.990;0.04359197907582927;91418957
progress;4.110.767;4588.0;4.589.999.999.999.990;0.04359197907582927;91492110
progress;4.113.767;4588.0;4.589.999.999.999.990;0.04359197907582927;91570829
progress;4117.32;4588.0;4.589.999.999.999.990;0.04359197907582927;91630789
progress;4.120.349;4588.0;4.589.999.999.999.990;0.04359197907582927;91697126
progress;4.123.563;4588.0;4.589.999.999.999.990;0.04359197907582927;91761826
progress;4.126.625;4588.0;4.589.999.999.999.990;0.04359197907582927;91847012
progress;4.129.684;4588.0;4.589.999.999.999.990;0.04359197907582927;91930044
progress;4.133.548;4588.0;4.589.999.999.999.990;0.04359197907582927;91990509
progress;4.136.605;4588.0;4.589.999.999.999.990;0.04359197907582927;92073645
progress;4139.66;4588.0;4.589.999.999.999.990;0.04359197907582927;92155026
progress;4.142.701;4588.0;4.589.999.999.999.990;0.04359197907582927;92220293
progress;4.145.812;4588.0;4.589.999.999.999.990;0.04359197907582927;92266970
progress;4.148.919;4588.0;4.589.999.999.999.990;0.04359197907582927;92286052
progress;4.151.919;4588.0;4.589.999.999.999.990;0.04359197907582927;92319519
progress;4.155.199;4588.0;4.589.999.999.999.990;0.04359197907582927;92332063
progress;4158.77;4588.0;4.589.999.999.999.990;0.04359197907582927;92366396
progress;4.163.264;4588.0;4.589.999.999.999.990;0.04359197907582927;92384581
progress;4.166.264;4588.0;4.589.999.999.999.990;0.04359197907582927;92466871
progress;4.169.359;4588.0;4.589.999.999.999.990;0.04359197907582927;92543476
progress;4.172.609;4588.0;4.589.999.999.999.990;0.04359197907582927;92574196
progress;4.176.034;4588.0;4.589.999.999.999.990;0.04359197907582927;92597443
progress;4.179.401;4588.0;4.589.999.999.999.990;0.04359197907582927;92622968
progress;4.182.564;4588.0;4.589.999.999.999.990;0.04359197907582927;92659914
progress;4.185.942;4588.0;4.589.999.999.999.990;0.04359197907582927;92686561
progress;4.189.128;4588.0;4.589.999.999.999.990;0.04359197907582927;92739271
progress;4.193.328;4588.0;4.589.999.999.999.990;0.04359197907582927;92749687
progress;4.196.379;4588.0;4.589.999.999.999.990;0.04359197907582927;92789726
progress;4.199.734;4588.0;4.589.999.999.999.990;0.04359197907582927;92836172
progress;4.209.952;4588.0;4.589.999.999.999.990;0.04359197907582927;92869102
progress;4.212.992;4588.0;4.589.999.999.999.990;0.04359197907582927;92904420
progress;4216.21;4588.0;4.589.999.999.999.990;0.04359197907582927;92946824
progress;4.219.447;4588.0;4.589.999.999.999.990;0.04359197907582927;92982800
progress;4.222.496;4588.0;4.589.999.999.999.990;0.04359197907582927;93043416
progress;4.226.348;4588.0;4.589.999.999.999.990;0.04359197907582927;93087490
progress;4.229.491;4588.0;4.589.999.999.999.990;0.04359197907582927;93119649
progress;4.232.602;4588.0;4.589.999.999.999.990;0.04359197907582927;93161974
progress;4.235.611;4588.0;4.589.999.999.999.990;0.04359197907582927;93196563
progress;4.238.701;4588.0;4.589.999.999.999.990;0.04359197907582927;93253117
progress;4.241.714;4588.0;4.589.999.999.999.990;0.04359197907582927;93345221
progress;4.244.745;4588.0;4.589.999.999.999.990;0.04359197907582927;93408119
progress;4.248.128;4588.0;4.589.999.999.999.990;0.04359197907582927;93464988
progress;4.251.222;4588.0;4.589.999.999.999.990;0.04359197907582927;93505183
progress;4.254.451;4588.0;4.589.999.999.999.990;0.04359197907582927;93544328
progress;4.257.515;4588.0;4.589.999.999.999.990;0.04359197907582927;93590701
progress;4.260.757;4588.0;4.589.999.999.999.990;0.04359197907582927;93640128
progress;4.263.876;4588.0;4.589.999.999.999.990;0.04359197907582927;93704659
progress;4.267.147;4588.0;4.589.999.999.999.990;0.04359197907582927;93747170
progress;4270.22;4588.0;4.589.999.999.999.990;0.04359197907582927;93781748
progress;4.273.913;4588.0;4.589.999.999.999.990;0.04359197907582927;93816984
progress;4277.11;4588.0;4.589.999.999.999.990;0.04359197907582927;93857335
progress;4.280.334;4588.0;4.589.999.999.999.990;0.04359197907582927;93895727
progress;4.283.354;4588.0;4.589.999.999.999.990;0.04359197907582927;93957829
progress;4.286.436;4588.0;4.589.999.999.999.990;0.04359197907582927;94056397
progress;4.289.488;4588.0;4.589.999.999.999.990;0.04359197907582927;94136129
progress;4.292.636;4588.0;4.589.999.999.999.990;0.04359197907582927;94174518
progress;4.295.669;4588.0;4.589.999.999.999.990;0.04359197907582927;94209331
progress;4.298.746;4588.0;4.589.999.999.999.990;0.04359197907582927;94276991
progress;4.301.828;4588.0;4.589.999.999.999.990;0.04359197907582927;94348105
progress;4.305.083;4588.0;4.589.999.999.999.990;0.04359197907582927;94383933
progress;4.308.252;4588.0;4.589.999.999.999.990;0.04359197907582927;94431163
progress;4.311.335;4588.0;4.589.999.999.999.990;0.04359197907582927;94475760
progress;4.314.353;4588.0;4.589.999.999.999.990;0.04359197907582927;94527859
progress;4.317.418;4588.0;4.589.999.999.999.990;0.04359197907582927;94585216
progress;4.320.418;4588.0;4.589.999.999.999.990;0.04359197907582927;94678401
progress;4.323.512;4588.0;4.589.999.999.999.990;0.04359197907582927;94797497
progress;4.326.518;4588.0;4.589.999.999.999.990;0.04359197907582927;94890516
progress;4.329.561;4588.0;4.589.999.999.999.990;0.04359197907582927;94963301
progress;4.332.593;4588.0;4.589.999.999.999.990;0.04359197907582927;95045889
progress;4.335.593;4588.0;4.589.999.999.999.990;0.04359197907582927;95104352
progress;4.338.741;4588.0;4.589.999.999.999.990;0.04359197907582927;95180038
progress;4.341.788;4588.0;4.589.999.999.999.990;0.04359197907582927;95264262
progress;4.344.813;4588.0;45.899.999.999.999.500;0.04359197907485792;95307818
progress;4.348.062;4588.0;4.589.999.999.999.860;0.04359197907299453;95322987
progress;4.351.308;4588.0;4.589.999.999.999.850;0.04359197907275665;95344180
progress;4.354.319;4588.0;4589.0;0.021795989537924547;95378462
progress;4.357.562;4588.0;4589.0;0.021795989537924547;95401029
progress;4.360.683;4588.0;4589.0;0.021795989537924547;95413810
progress;4.363.742;4588.0;4589.0;0.021795989537924547;95447313
progress;4.366.858;4588.0;4589.0;0.021795989537924547;95457252
progress;4.369.858;4588.0;4589.0;0.021795989537924547;95522689
progress;4.372.893;4588.0;4589.0;0.021795989537924547;95608708
progress;4.375.924;4588.0;4589.0;0.021795989537924547;95641389
progress;4.379.153;4588.0;4589.0;0.021795989537924547;95687115
progress;4.382.153;4588.0;4589.0;0.021795989537924547;95744810
progress;4385.73;4588.0;4589.0;0.021795989537924547;95776914
progress;4.388.837;4588.0;4589.0;0.021795989537924547;95830449
progress;4.391.934;4588.0;4589.0;0.021795989537924547;95867194
progress;4.395.088;4588.0;4589.0;0.021795989537924547;95893226
progress;4.398.129;4588.0;4589.0;0.021795989537924547;95917241
progress;4.401.377;4588.0;4589.0;0.021795989537924547;95961020
progress;4.404.593;4588.0;4589.0;0.021795989537924547;95984886
progress;4.407.856;4588.0;4589.0;0.021795989537924547;96037227
progress;4.411.016;4588.0;4589.0;0.021795989537924547;96080964
progress;4.414.049;4588.0;4589.0;0.021795989537924547;96133067
progress;4.417.239;4588.0;4589.0;0.021795989537924547;96186004
progress;4.421.224;4588.0;4589.0;0.021795989537924547;96215209
progress;4.424.876;4588.0;4589.0;0.021795989537924547;96223332
progress;4.428.488;4588.0;4589.0;0.021795989537924547;96242959
progress;4.433.642;4588.0;4589.0;0.021795989537924547;96273393
progress;4.443.036;4588.0;4589.0;0.021795989537924547;96285177
progress;4.446.692;4588.0;4589.0;0.021795989537924547;96292874
progress;4.451.043;4588.0;4589.0;0.021795989537924547;96303844
progress;4.454.991;4588.0;4589.0;0.021795989537924547;96315627
progress;4459.01;4588.0;4589.0;0.021795989537924547;96327644
progress;4.462.362;4588.0;4589.0;0.021795989537924547;96339309
progress;4.465.568;4588.0;4589.0;0.021795989537924547;96350847
progress;4.469.276;4588.0;4589.0;0.021795989537924547;96371813
progress;4.472.749;4588.0;4589.0;0.021795989537924547;96383274
progress;4.475.874;4588.0;4589.0;0.021795989537924547;96394942
progress;4.479.208;4588.0;4589.0;0.021795989537924547;96409826
progress;4482.86;4588.0;4589.0;0.021795989537924547;96428602
progress;4.486.779;4588.0;4589.0;0.021795989537924547;96442028
progress;4.490.105;4588.0;4589.0;0.021795989537924547;96449753
progress;4.493.721;4588.0;4589.0;0.021795989537924547;96456603
progress;4.496.982;4588.0;4589.0;0.021795989537924547;96465770
progress;4.500.392;4588.0;4589.0;0.021795989537924547;96474253
progress;4.504.266;4588.0;4589.0;0.021795989537924547;96483633
progress;4.508.275;4588.0;4589.0;0.021795989537924547;96493597
progress;4513.52;4588.0;4589.0;0.021795989537924547;96505174
progress;4.516.549;4588.0;4589.0;0.021795989537924547;96518428
progress;4.519.549;4588.0;4589.0;0.021795989537924547;96575275
progress;4.522.549;4588.0;4589.0;0.021795989537924547;96650585
progress;4.525.631;4588.0;4589.0;0.021795989537924547;96676045
progress;4.529.281;4588.0;4589.0;0.021795989537924547;96704015
progress;4.532.281;4588.0;4589.0;0.021795989537924547;96727903
progress;4.535.779;4588.0;4589.0;0.021795989537924547;96754025
progress;4.539.283;4588.0;4589.0;0.021795989537924547;96784819
progress;4.542.765;4588.0;4589.0;0.021795989537924547;96817804
progress;4.545.857;4588.0;4589.0;0.021795989537924547;96838802
progress;4.549.005;4588.0;4589.0;0.021795989537924547;96876196
progress;4.552.021;4588.0;4589.0;0.021795989537924547;96895569
progress;4.555.228;4588.0;4589.0;0.021795989537924547;96934793
progress;4.558.583;4588.0;4589.0;0.021795989537924547;96962764
progress;4.561.701;4588.0;4589.0;0.021795989537924547;97006079
progress;4.564.775;4588.0;4589.0;0.021795989537924547;97050979
progress;4.567.925;4588.0;4589.0;0.021795989537924547;97093766
progress;4.570.997;4588.0;4589.0;0.021795989537924547;97122463
progress;4.574.363;4588.0;4589.0;0.021795989537924547;97164423
progress;4.578.556;4588.0;4589.0;0.021795989537924547;97200494
progress;4.582.269;4588.0;4589.0;0.021795989537924547;97251768
progress;4.585.697;4588.0;4589.0;0.021795989537924547;97280000
progress;4.588.697;4588.0;4589.0;0.021795989537924547;97318770
progress;4.592.934;4588.0;4589.0;0.021795989537924547;97352355
progress;4.596.043;4588.0;4589.0;0.021795989537924547;97393716
progress;4.599.043;4588.0;4589.0;0.021795989537924547;97427995
progress;4.602.895;4588.0;4589.0;0.021795989537924547;97454750
progress;4.606.534;4588.0;4589.0;0.021795989537924547;97487996
progress;4.610.303;4588.0;4589.0;0.021795989537924547;97502329
progress;4.615.502;4588.0;4589.0;0.021795989537924547;97522258
progress;4.618.756;4588.0;4589.0;0.021795989537924547;97536000
progress;4.621.783;4588.0;4589.0;0.021795989537924547;97548830
progress;4.624.792;4588.0;4589.0;0.021795989537924547;97563499
progress;4.628.399;4588.0;4589.0;0.021795989537924547;97577528
progress;4.633.172;4588.0;4589.0;0.021795989537924547;97605754
progress;4.636.388;4588.0;4589.0;0.021795989537924547;97640158
progress;4.639.388;4588.0;4589.0;0.021795989537924547;97669985
progress;4.643.482;4588.0;4589.0;0.021795989537924547;97690835
progress;4.647.204;4588.0;4589.0;0.021795989537924547;97712023
progress;4.650.696;4588.0;4589.0;0.021795989537924547;97739442
progress;4.653.757;4588.0;4589.0;0.021795989537924547;97753698
progress;4.657.694;4588.0;4589.0;0.021795989537924547;97767631
progress;4.663.054;4588.0;4589.0;0.021795989537924547;97774710
progress;4667.0;4588.0;4589.0;0.021795989537924547;97790024
progress;4.670.117;4588.0;4589.0;0.021795989537924547;97824161
progress;4.675.032;4588.0;4589.0;0.021795989537924547;97843948
progress;4.678.032;4588.0;4589.0;0.021795989537924547;97868706
progress;4.681.117;4588.0;4589.0;0.021795989537924547;97877885
progress;4.684.868;4588.0;4589.0;0.021795989537924547;97908920
progress;4.688.768;4588.0;4589.0;0.021795989537924547;97926036
progress;4693.08;4588.0;4589.0;0.021795989537924547;97934877
progress;4.696.222;4588.0;4589.0;0.021795989537924547;97939802
progress;4.701.057;4588.0;4589.0;0.021795989537924547;97950362
progress;4.704.532;4588.0;4589.0;0.021795989537924547;97965821
progress;4.709.055;4588.0;4589.0;0.021795989537924547;97985004
progress;4.712.529;4588.0;4589.0;0.021795989537924547;98017207
progress;4.717.232;4588.0;4589.0;0.021795989537924547;98033532
progress;4.724.734;4588.0;4589.0;0.021795989537924547;98041765
progress;4.728.396;4588.0;4589.0;0.021795989537924547;98061146
progress;4.731.668;4588.0;4589.0;0.021795989537924547;98086049
progress;4.738.039;4588.0;4589.0;0.021795989537924547;98097034
progress;4.742.106;4588.0;4589.0;0.021795989537924547;98104047
progress;4.746.228;4588.0;4589.0;0.021795989537924547;98110515
progress;4.751.304;4588.0;4589.0;0.021795989537924547;98116767
progress;4.754.577;4588.0;4589.0;0.021795989537924547;98123194
progress;4.757.645;4588.0;4589.0;0.021795989537924547;98129526
progress;4.761.512;4588.0;4589.0;0.021795989537924547;98135430
progress;4.766.424;4588.0;4589.0;0.021795989537924547;98141759
progress;4.771.922;4588.0;4589.0;0.021795989537924547;98153809
progress;4776.61;4588.0;4589.0;0.021795989537924547;98166393
progress;4.780.849;4588.0;4589.0;0.021795989537924547;98179277
progress;4.786.758;4588.0;4589.0;0.021795989537924547;98191522
progress;4.791.196;4588.0;4589.0;0.021795989537924547;98203890
progress;4.795.051;4588.0;4589.0;0.021795989537924547;98215735
progress;4.798.098;4588.0;4589.0;0.021795989537924547;98228419
progress;4.802.714;4588.0;4589.0;0.021795989537924547;98246850
progress;4.806.418;4588.0;4589.0;0.021795989537924547;98265940
progress;4.810.048;4588.0;4589.0;0.021795989537924547;98278748
progress;4.813.338;4588.0;4589.0;0.021795989537924547;98291034
progress;4.816.686;4588.0;4589.0;0.021795989537924547;98303934
progress;4821.33;4588.0;4589.0;0.021795989537924547;98315571
progress;4.828.283;4588.0;4589.0;0.021795989537924547;98328436
progress;4.831.993;4588.0;4589.0;0.021795989537924547;98341115
progress;4.836.053;4588.0;4589.0;0.021795989537924547;98353651
progress;4.839.582;4588.0;4589.0;0.021795989537924547;98372473
progress;4.843.045;4588.0;4589.0;0.021795989537924547;98391161
progress;4.846.265;4588.0;4589.0;0.021795989537924547;98408225
progress;4.849.815;4588.0;4589.0;0.021795989537924547;98432001
progress;4.853.236;4588.0;4589.0;0.021795989537924547;98450056
progress;4.857.041;4588.0;4589.0;0.021795989537924547;98468385
progress;4.861.187;4588.0;4589.0;0.021795989537924547;98486671
progress;4.865.672;4588.0;4589.0;0.021795989537924547;98501833
progress;4.869.594;4588.0;4589.0;0.021795989537924547;98535508
progress;4.877.227;4588.0;4589.0;0.021795989537924547;98549944
progress;4.881.393;4588.0;4589.0;0.021795989537924547;98571341
progress;4.893.829;4588.0;4589.0;0.021795989537924547;98583737
progress;4.896.998;4588.0;4589.0;0.021795989537924547;98589349
progress;4.903.397;4588.0;4589.0;0.021795989537924547;98595380
progress;4.907.858;4588.0;4589.0;0.021795989537924547;98608707
progress;4.915.958;4588.0;4589.0;0.021795989537924547;98621613
progress;4.920.395;4588.0;4589.0;0.021795989537924547;98635171
progress;4.924.008;4588.0;4589.0;0.021795989537924547;98642385
progress;4.927.823;4588.0;4589.0;0.021795989537924547;98662590
progress;4.931.428;4588.0;4589.0;0.021795989537924547;98683893
progress;4.934.799;4588.0;4589.0;0.021795989537924547;98705312
progress;4938.1;4588.0;4589.0;0.021795989537924547;98726617
progress;4.941.302;4588.0;4589.0;0.021795989537924547;98749339
progress;4.944.302;4588.0;4589.0;0.021795989537924547;98774248
progress;4.947.763;4588.0;4589.0;0.021795989537924547;98799562
progress;4.951.264;4588.0;4589.0;0.021795989537924547;98830005
progress;4.954.793;4588.0;4589.0;0.021795989537924547;98865726
progress;4.958.493;4588.0;4589.0;0.021795989537924547;98886224
progress;4.962.101;4588.0;4589.0;0.021795989537924547;98923703
progress;4.965.404;4588.0;4589.0;0.021795989537924547;98959362
progress;4.968.404;4588.0;4589.0;0.021795989537924547;99000516
progress;4.971.503;4588.0;4589.0;0.021795989537924547;99032470
progress;4.975.023;4588.0;4589.0;0.021795989537924547;99068809
progress;4.979.516;4588.0;4589.0;0.021795989537924547;99097364
progress;4.982.907;4588.0;4589.0;0.021795989537924547;99141842
progress;4.985.907;4588.0;4589.0;0.021795989537924547;99172078
progress;4.989.323;4588.0;4589.0;0.021795989537924547;99193277
progress;4.992.323;4588.0;4589.0;0.021795989537924547;99234041
progress;4.995.433;4588.0;4589.0;0.021795989537924547;99258207
progress;4.998.489;4588.0;4589.0;0.021795989537924547;99272974
progress;5002.01;4588.0;4589.0;0.021795989537924547;99294392
progress;5.005.352;4588.0;4589.0;0.021795989537924547;99315503
progress;5.008.753;4588.0;4589.0;0.021795989537924547;99330630
progress;5.014.402;4588.0;4589.0;0.021795989537924547;99352596
progress;5.017.946;4588.0;4589.0;0.021795989537924547;99372866
progress;5.028.173;4588.0;4589.0;0.021795989537924547;99386900
progress;5033.3;4588.0;4589.0;0.021795989537924547;99395597
progress;5.036.561;4588.0;4589.0;0.021795989537924547;99402954
progress;5.039.725;4588.0;4589.0;0.021795989537924547;99410982
progress;5043.42;4588.0;4589.0;0.021795989537924547;99425212
progress;5.046.906;4588.0;4589.0;0.021795989537924547;99439551
progress;5.050.244;4588.0;4589.0;0.021795989537924547;99454004
progress;5.055.011;4588.0;4589.0;0.021795989537924547;99474751
progress;5.059.085;4588.0;4589.0;0.021795989537924547;99496845
progress;5.062.282;4588.0;4589.0;0.021795989537924547;99511843
progress;5065.82;4588.0;4589.0;0.021795989537924547;99531842
progress;5070.4;4588.0;4589.0;0.021795989537924547;99554086
progress;5.074.408;4588.0;4589.0;0.021795989537924547;99575983
progress;5.077.458;4588.0;4589.0;0.021795989537924547;99590115
progress;5.081.404;4588.0;4589.0;0.021795989537924547;99612763
progress;5.084.846;4588.0;4589.0;0.021795989537924547;99634436
progress;5.088.195;4588.0;4589.0;0.021795989537924547;99655632
progress;5.091.431;4588.0;4589.0;0.021795989537924547;99678055
progress;5095.3;4588.0;4589.0;0.021795989537924547;99707324
progress;5.099.156;4588.0;4589.0;0.021795989537924547;99735922
progress;5.102.156;4588.0;4589.0;0.021795989537924547;99762811
progress;5.105.662;4588.0;4589.0;0.021795989537924547;99786304
progress;5.108.701;4588.0;4589.0;0.021795989537924547;99814815
progress;5.111.703;4588.0;4589.0;0.021795989537924547;99849839
progress;5.115.402;4588.0;4589.0;0.021795989537924547;99886666
progress;5.118.517;4588.0;4589.0;0.021795989537924547;99913427
progress;5.121.784;4588.0;4589.0;0.021795989537924547;99950638
progress;5.125.036;4588.0;4589.0;0.021795989537924547;99984437
progress;5.128.269;4588.0;4589.0;0.021795989537924547;100021341
progress;5.131.324;4588.0;4589.0;0.021795989537924547;100044061
progress;5135.57;4588.0;4589.0;0.021795989537924547;100078719
progress;5.138.791;4588.0;4589.0;0.021795989537924547;100120272
progress;5.142.009;4588.0;4589.0;0.021795989537924547;100164240
progress;5.145.456;4588.0;4589.0;0.021795989537924547;100191841
progress;5.148.536;4588.0;4589.0;0.021795989537924547;100226884
progress;5.152.678;4588.0;4589.0;0.021795989537924547;100262488
progress;5.155.769;4588.0;4589.0;0.021795989537924547;100296515
progress;5.158.903;4588.0;4589.0;0.021795989537924547;100323348
progress;5.161.997;4588.0;4589.0;0.021795989537924547;100365880
progress;5165.17;4588.0;4589.0;0.021795989537924547;100407218
progress;5.168.219;4588.0;4589.0;0.021795989537924547;100449262
progress;5.171.334;4588.0;4589.0;0.021795989537924547;100482858
progress;5.174.689;4588.0;4589.0;0.021795989537924547;100539753
progress;5.177.879;4588.0;4589.0;0.021795989537924547;100574635
progress;5.180.879;4588.0;4589.0;0.021795989537924547;100622221
progress;5.184.342;4588.0;4589.0;0.021795989537924547;100665963
progress;5.187.342;4588.0;4589.0;0.021795989537924547;100695995
progress;5.190.342;4588.0;4589.0;0.021795989537924547;100743001
progress;5.193.617;4588.0;4589.0;0.021795989537924547;100791147
progress;5.196.964;4588.0;4589.0;0.021795989537924547;100840447
progress;5.200.087;4588.0;4589.0;0.021795989537924547;100880983
progress;5.203.756;4588.0;4589.0;0.021795989537924547;100914403
progress;5.206.756;4588.0;4589.0;0.021795989537924547;100961800
progress;5.209.756;4588.0;4589.0;0.021795989537924547;100993762
progress;5.212.961;4588.0;4589.0;0.021795989537924547;101015390
progress;5.217.197;4588.0;4589.0;0.021795989537924547;101057367
progress;5.220.265;4588.0;4589.0;0.021795989537924547;101071440
progress;5.223.696;4588.0;4589.0;0.021795989537924547;101112500
progress;5.226.999;4588.0;4589.0;0.021795989537924547;101153532
progress;5.230.367;4588.0;4589.0;0.021795989537924547;101175110
progress;5.233.367;4588.0;4589.0;0.021795989537924547;101217561
progress;5.236.851;4588.0;4589.0;0.021795989537924547;101257308
progress;5.240.453;4588.0;4589.0;0.021795989537924547;101277192
progress;5.243.911;4588.0;4589.0;0.021795989537924547;101303624
progress;5.247.021;4588.0;4589.0;0.021795989537924547;101331397
progress;5.250.597;4588.0;4589.0;0.021795989537924547;101358953
progress;5257.2;4588.0;4589.0;0.021795989537924547;101386481
progress;5.269.163;4588.0;4589.0;0.021795989537924547;101406125
progress;5.272.839;4588.0;4589.0;0.021795989537924547;101420300
progress;5.276.959;4588.0;4589.0;0.021795989537924547;101440157
progress;5.280.476;4588.0;4589.0;0.021795989537924547;101467403
progress;5.283.753;4588.0;4589.0;0.021795989537924547;101494595
progress;5.287.269;4588.0;4589.0;0.021795989537924547;101521685
progress;5.290.269;4588.0;4589.0;0.021795989537924547;101542987
progress;5294.12;4588.0;4589.0;0.021795989537924547;101569265
progress;5.297.912;4588.0;4589.0;0.021795989537924547;101595591
progress;5.301.875;4588.0;4589.0;0.021795989537924547;101623473
progress;5.304.875;4588.0;4589.0;0.021795989537924547;101647367
progress;5.308.527;4588.0;4589.0;0.021795989537924547;101669571
progress;5.311.594;4588.0;4589.0;0.021795989537924547;101695557
progress;5.315.514;4588.0;4589.0;0.021795989537924547;101716064
progress;5.318.689;4588.0;4589.0;0.021795989537924547;101742473
progress;5.322.252;4588.0;4589.0;0.021795989537924547;101768448
progress;5.325.396;4588.0;4589.0;0.021795989537924547;101795256
progress;5328.95;4588.0;4589.0;0.021795989537924547;101828303
progress;5.332.603;4588.0;4589.0;0.021795989537924547;101835279
progress;5.335.603;4588.0;4589.0;0.021795989537924547;101841977
progress;5.338.603;4588.0;4589.0;0.021795989537924547;101870242
progress;5.341.603;4588.0;4589.0;0.021795989537924547;101896834
progress;5.344.722;4588.0;4589.0;0.021795989537924547;101928140
progress;5.347.999;4588.0;4589.0;0.021795989537924547;101960582
progress;5.351.317;4588.0;4589.0;0.021795989537924547;101994313
progress;5.355.144;4588.0;4589.0;0.021795989537924547;102028001
progress;5.358.629;4588.0;4589.0;0.021795989537924547;102056197
progress;5.361.851;4588.0;4589.0;0.021795989537924547;102081169
progress;5.365.219;4588.0;4589.0;0.021795989537924547;102109938
progress;5.368.775;4588.0;4589.0;0.021795989537924547;102129449
progress;5.372.293;4588.0;4589.0;0.021795989537924547;102156520
progress;5375.65;4588.0;4589.0;0.021795989537924547;102183225
progress;5.379.969;4588.0;4589.0;0.021795989537924547;102211271
progress;5.383.668;4588.0;4589.0;0.021795989537924547;102243227
progress;5.386.893;4588.0;4589.0;0.021795989537924547;102264192
progress;5.389.965;4588.0;4589.0;0.021795989537924547;102297250
progress;5.393.169;4588.0;4589.0;0.021795989537924547;102329570
progress;5.396.293;4588.0;4589.0;0.021795989537924547;102348762
progress;5.399.416;4588.0;4589.0;0.021795989537924547;102381870
progress;5.402.618;4588.0;4589.0;0.021795989537924547;102421987
progress;5.405.822;4588.0;4589.0;0.021795989537924547;102460049
progress;5.409.116;4588.0;4589.0;0.021795989537924547;102487034
progress;5413.07;4588.0;4589.0;0.021795989537924547;102512150
progress;5.416.079;4588.0;4589.0;0.021795989537924547;102552936
progress;5.419.226;4588.0;4589.0;0.021795989537924547;102578766
progress;5.422.939;4588.0;4589.0;0.021795989537924547;102610274
progress;5.426.805;4588.0;4589.0;0.021795989537924547;102635867
progress;5.429.805;4588.0;4589.0;0.021795989537924547;102662466
progress;5.432.973;4588.0;4589.0;0.021795989537924547;102681251
progress;5.436.084;4588.0;4589.0;0.021795989537924547;102714199
progress;5.439.461;4588.0;4589.0;0.021795989537924547;102721129
progress;5.442.812;4588.0;4589.0;0.021795989537924547;102759818
progress;5.446.196;4588.0;4589.0;0.021795989537924547;102799848
progress;5.449.454;4588.0;4589.0;0.021795989537924547;102837536
progress;5.452.895;4588.0;4589.0;0.021795989537924547;102870865
progress;5.456.405;4588.0;4589.0;0.021795989537924547;102897380
progress;5.459.835;4588.0;4589.0;0.021795989537924547;102909235
progress;5.463.083;4588.0;4589.0;0.021795989537924547;102954956
progress;5466.34;4588.0;4589.0;0.021795989537924547;102992533
progress;5469.34;4588.0;4589.0;0.021795989537924547;103028647
progress;5.473.165;4588.0;4589.0;0.021795989537924547;103056350
progress;5.477.302;4588.0;4589.0;0.021795989537924547;103075763
progress;5.481.156;4588.0;4589.0;0.021795989537924547;103094722
progress;5.485.148;4588.0;4589.0;0.021795989537924547;103114630
progress;5.488.773;4588.0;4589.0;0.021795989537924547;103133982
progress;5.492.375;4588.0;4589.0;0.021795989537924547;103146534
progress;5.495.733;4588.0;4589.0;0.021795989537924547;103168332
progress;5.499.568;4588.0;4589.0;0.021795989537924547;103179946
progress;5.504.806;4588.0;4589.0;0.021795989537924547;103194061
progress;5.520.056;4588.0;4589.0;0.021795989537924547;103207848
progress;5.523.504;4588.0;4589.0;0.021795989537924547;103213908
progress;5.526.878;4588.0;4589.0;0.021795989537924547;103220192
progress;5.530.426;4588.0;4589.0;0.021795989537924547;103226781
progress;5.534.799;4588.0;4589.0;0.021795989537924547;103239075
progress;5.538.117;4588.0;4589.0;0.021795989537924547;103246229
progress;5.543.441;4588.0;4589.0;0.021795989537924547;103260297
progress;5.549.379;4588.0;4589.0;0.021795989537924547;103272857
progress;5.553.813;4588.0;4589.0;0.021795989537924547;103284858
progress;5559.8;4588.0;4589.0;0.021795989537924547;103298369
progress;5.564.027;4588.0;4589.0;0.021795989537924547;103311910
progress;5.567.479;4588.0;4589.0;0.021795989537924547;103324602
progress;5.570.479;4588.0;4589.0;0.021795989537924547;103339000
progress;5.573.983;4588.0;4589.0;0.021795989537924547;103357508
progress;5.576.983;4588.0;4589.0;0.021795989537924547;103374880
progress;5.581.645;4588.0;4589.0;0.021795989537924547;103384500
progress;5.585.361;4588.0;4589.0;0.021795989537924547;103396748
progress;5.589.218;4588.0;4589.0;0.021795989537924547;103415816
progress;5.592.218;4588.0;4589.0;0.021795989537924547;103431344
progress;5.595.475;4588.0;4589.0;0.021795989537924547;103448428
progress;5.599.069;4588.0;4589.0;0.021795989537924547;103467649
progress;5.602.451;4588.0;4589.0;0.021795989537924547;103487355
progress;5.606.405;4588.0;4589.0;0.021795989537924547;103513239
progress;5.609.612;4588.0;4589.0;0.021795989537924547;103531897
progress;5.612.776;4588.0;4589.0;0.021795989537924547;103561280
progress;5.615.901;4588.0;4589.0;0.021795989537924547;103623313
progress;5.618.901;4588.0;4589.0;0.021795989537924547;103694627
progress;5621.93;4588.0;4589.0;0.021795989537924547;103764053
progress;5624.93;4588.0;4589.0;0.021795989537924547;103842387
progress;5627.98;4588.0;4589.0;0.021795989537924547;103923232
progress;5.631.367;4588.0;4589.0;0.021795989537924547;103999874
progress;5.635.815;4588.0;4589.0;0.021795989537924547;104071632
progress;5638.85;4588.0;4589.0;0.021795989537924547;104090352
progress;5.641.988;4588.0;4589.0;0.021795989537924547;104115548
progress;5.644.999;4588.0;4589.0;0.021795989537924547;104137327
progress;5648.22;4588.0;4589.0;0.021795989537924547;104155336
progress;5651.22;4588.0;4589.0;0.021795989537924547;104172320
progress;5654.71;4588.0;4589.0;0.021795989537924547;104202739
progress;5657.71;4588.0;4589.0;0.021795989537924547;104258547
progress;5662.81;4588.0;4589.0;0.021795989537924547;104271377
progress;5.665.954;4588.0;4589.0;0.021795989537924547;104336220
progress;5.669.045;4588.0;4589.0;0.021795989537924547;104380712
progress;5.672.045;4588.0;4589.0;0.021795989537924547;104417808
progress;5.676.053;4588.0;4589.0;0.021795989537924547;104432326
progress;5.679.548;4588.0;4589.0;0.021795989537924547;104471759
progress;5683.46;4588.0;4589.0;0.021795989537924547;104495753
progress;5.687.051;4588.0;4589.0;0.021795989537924547;104507777
progress;5.690.619;4588.0;4589.0;0.021795989537924547;104525813
progress;5.694.136;4588.0;4589.0;0.021795989537924547;104543856
progress;5.698.194;4588.0;4589.0;0.021795989537924547;104567873
progress;5.703.256;4588.0;4589.0;0.021795989537924547;104597512
progress;5.706.986;4588.0;4589.0;0.021795989537924547;104609536
progress;5.710.675;4588.0;4589.0;0.021795989537924547;104633788
progress;5.715.558;4588.0;4589.0;0.021795989537924547;104651964
progress;5.728.774;4588.0;4589.0;0.021795989537924547;104657986
progress;5.732.546;4588.0;4589.0;0.021795989537924547;104664006
progress;5.735.978;4588.0;4589.0;0.021795989537924547;104669985
progress;5.739.469;4588.0;4589.0;0.021795989537924547;104676110
progress;5.742.723;4588.0;4589.0;0.021795989537924547;104682238
progress;5.747.443;4588.0;4589.0;0.021795989537924547;104694391
progress;5.752.672;4588.0;4589.0;0.021795989537924547;104706426
progress;5756.41;4588.0;4589.0;0.021795989537924547;104718529
progress;5.760.196;4588.0;4589.0;0.021795989537924547;104730648
progress;5763.86;4588.0;4589.0;0.021795989537924547;104742615
progress;5.767.986;4588.0;4589.0;0.021795989537924547;104754663
progress;5772.47;4588.0;4589.0;0.021795989537924547;104766750
progress;5775.47;4588.0;4589.0;0.021795989537924547;104777495
progress;5.778.539;4588.0;4589.0;0.021795989537924547;104784910
progress;5.782.037;4588.0;4589.0;0.021795989537924547;104809111
progress;5.785.691;4588.0;4589.0;0.021795989537924547;104833191
progress;5.789.552;4588.0;4589.0;0.021795989537924547;104856748
progress;5.793.213;4588.0;4589.0;0.021795989537924547;104874830
progress;5.796.213;4588.0;4589.0;0.021795989537924547;104895543
progress;5.799.213;4588.0;4589.0;0.021795989537924547;104928754
progress;5802.39;4588.0;4589.0;0.021795989537924547;104981432
progress;5805.39;4588.0;4589.0;0.021795989537924547;105062000
progress;5.808.589;4588.0;4589.0;0.021795989537924547;105140212
progress;5.811.618;4588.0;4589.0;0.021795989537924547;105171036
progress;5814.88;4588.0;4589.0;0.021795989537924547;105209105
progress;5.818.054;4588.0;4589.0;0.021795989537924547;105244800
progress;5.821.096;4588.0;4589.0;0.021795989537924547;105285351
progress;5.824.284;4588.0;4589.0;0.021795989537924547;105321011
progress;5.827.721;4588.0;4589.0;0.021795989537924547;105362197
progress;5.830.908;4588.0;4589.0;0.021795989537924547;105395616
progress;5.834.446;4588.0;4589.0;0.021795989537924547;105442870
progress;5.837.446;4588.0;4589.0;0.021795989537924547;105463153
progress;5.840.567;4588.0;4589.0;0.021795989537924547;105480049
progress;5.843.895;4588.0;4589.0;0.021795989537924547;105497504
progress;5.847.663;4588.0;4589.0;0.021795989537924547;105510266
progress;5.853.298;4588.0;4589.0;0.021795989537924547;105531626
progress;5.857.077;4588.0;4589.0;0.021795989537924547;105554362
progress;5.863.067;4588.0;4589.0;0.021795989537924547;105569573
progress;5.867.015;4588.0;4589.0;0.021795989537924547;105585601
progress;5.870.828;4588.0;4589.0;0.021795989537924547;105600162
progress;5.875.024;4588.0;4589.0;0.021795989537924547;105608193
progress;5879.5;4588.0;4589.0;0.021795989537924547;105623922
progress;5.890.173;4588.0;4589.0;0.021795989537924547;105632230
progress;5.895.539;4588.0;4589.0;0.021795989537924547;105640013
progress;5.900.873;4588.0;4589.0;0.021795989537924547;105656189
progress;5.905.235;4588.0;4589.0;0.021795989537924547;105670651
progress;5.910.282;4588.0;4589.0;0.021795989537924547;105686967
progress;5.915.154;4588.0;4589.0;0.021795989537924547;105702778
progress;5.918.693;4588.0;4589.0;0.021795989537924547;105710945
progress;5.924.278;4588.0;4589.0;0.021795989537924547;105725725
progress;5.927.278;4588.0;4589.0;0.021795989537924547;105738529
progress;5931.75;4588.0;4589.0;0.021795989537924547;105748438
progress;5.935.625;4588.0;4589.0;0.021795989537924547;105764758
progress;5.940.994;4588.0;4589.0;0.021795989537924547;105780047
progress;5944.33;4588.0;4589.0;0.021795989537924547;105796639
progress;5.948.487;4588.0;4589.0;0.021795989537924547;105820128
progress;5.952.829;4588.0;4589.0;0.021795989537924547;105842691
progress;5.957.044;4588.0;4589.0;0.021795989537924547;105865395
progress;5.960.044;4588.0;4589.0;0.021795989537924547;105885895
progress;5.963.637;4588.0;4589.0;0.021795989537924547;105896678
progress;5.966.948;4588.0;4589.0;0.021795989537924547;105913105
progress;5.969.981;4588.0;4589.0;0.021795989537924547;105927732
progress;5.972.981;4588.0;4589.0;0.021795989537924547;105945020
progress;5.976.687;4588.0;4589.0;0.021795989537924547;105959087
progress;5.980.541;4588.0;4589.0;0.021795989537924547;105982946
progress;5.983.541;4588.0;4589.0;0.021795989537924547;105995453
progress;5987.32;4588.0;4589.0;0.021795989537924547;106014092
progress;5.991.079;4588.0;4589.0;0.021795989537924547;106037064
progress;5.995.198;4588.0;4589.0;0.021795989537924547;106061468
progress;5.998.262;4588.0;4589.0;0.021795989537924547;106076669
progress;6.002.374;4588.0;4589.0;0.021795989537924547;106100342
progress;6.006.335;4588.0;4589.0;0.021795989537924547;106123084
progress;6009.67;4588.0;4589.0;0.021795989537924547;106154725
progress;6.013.198;4588.0;4589.0;0.021795989537924547;106175852
progress;6.016.527;4588.0;4589.0;0.021795989537924547;106208033
progress;6.020.649;4588.0;4589.0;0.021795989537924547;106238643
progress;6.024.932;4588.0;4589.0;0.021795989537924547;106270729
progress;6.028.539;4588.0;4589.0;0.021795989537924547;106301548
progress;6.031.772;4588.0;4589.0;0.021795989537924547;106332003
progress;6.035.071;4588.0;4589.0;0.021795989537924547;106363719
progress;6.038.363;4588.0;4589.0;0.021795989537924547;106394208
progress;6.041.618;4588.0;4589.0;0.021795989537924547;106420057
progress;6.044.802;4588.0;4589.0;0.021795989537924547;106452403
progress;6.048.484;4588.0;4589.0;0.021795989537924547;106491869
progress;6.051.514;4588.0;4589.0;0.021795989537924547;106558409
progress;6.054.739;4588.0;4589.0;0.021795989537924547;106590950
progress;6.057.739;4588.0;4589.0;0.021795989537924547;106638316
progress;6.061.296;4588.0;4589.0;0.021795989537924547;106671787
progress;6.065.967;4588.0;4589.0;0.021795989537924547;106687874
progress;6.070.937;4588.0;4589.0;0.021795989537924547;106709519
progress;6.074.364;4588.0;4589.0;0.021795989537924547;106716691
progress;6.085.902;4588.0;4589.0;0.021795989537924547;106722600
progress;6.091.293;4588.0;4589.0;0.021795989537924547;106734709
progress;6.098.364;4588.0;4589.0;0.021795989537924547;106746909
progress;6102.43;4588.0;4589.0;0.021795989537924547;106752999
progress;6.105.886;4588.0;4589.0;0.021795989537924547;106760636
progress;6.109.799;4588.0;4589.0;0.021795989537924547;106778058
progress;6.113.222;4588.0;4589.0;0.021795989537924547;106792705
progress;6.117.023;4588.0;4589.0;0.021795989537924547;106806572
progress;6.120.392;4588.0;4589.0;0.021795989537924547;106818491
progress;6.126.101;4588.0;4589.0;0.021795989537924547;106830528
progress;6.129.752;4588.0;4589.0;0.021795989537924547;106843431
progress;6.133.496;4588.0;4589.0;0.021795989537924547;106862574
progress;6.137.099;4588.0;4589.0;0.021795989537924547;106892866
progress;6140.52;4588.0;4589.0;0.021795989537924547;106918314
progress;6.143.978;4588.0;4589.0;0.021795989537924547;106937522
progress;6.147.028;4588.0;4589.0;0.021795989537924547;106963239
progress;6.150.242;4588.0;4589.0;0.021795989537924547;107006676
progress;6.153.277;4588.0;4589.0;0.021795989537924547;107038255
progress;6.156.358;4588.0;4589.0;0.021795989537924547;107088591
progress;6.159.369;4588.0;4589.0;0.021795989537924547;107137128
progress;6.162.494;4588.0;4589.0;0.021795989537924547;107197505
progress;6.165.494;4588.0;4589.0;0.021795989537924547;107250604
progress;6.168.539;4588.0;4589.0;0.021795989537924547;107275855
progress;6172.3;4588.0;4589.0;0.021795989537924547;107307195
progress;6.175.565;4588.0;4589.0;0.021795989537924547;107338325
progress;6.178.942;4588.0;4589.0;0.021795989537924547;107375295
progress;6.182.517;4588.0;4589.0;0.021795989537924547;107408178
progress;6.185.708;4588.0;4589.0;0.021795989537924547;107446478
progress;6188.88;4588.0;4589.0;0.021795989537924547;107485571
progress;6.192.261;4588.0;4589.0;0.021795989537924547;107524766
progress;6.195.558;4588.0;4589.0;0.021795989537924547;107571679
progress;6200.44;4588.0;4589.0;0.021795989537924547;107587217
progress;6.203.573;4588.0;4589.0;0.021795989537924547;107642521
progress;6.206.603;4588.0;4589.0;0.021795989537924547;107694594
progress;6.209.736;4588.0;4589.0;0.021795989537924547;107752015
progress;6.212.736;4588.0;4589.0;0.021795989537924547;107789536
progress;6.215.753;4588.0;4589.0;0.021795989537924547;107835596
progress;6.218.845;4588.0;4589.0;0.021795989537924547;107885952
progress;6.221.971;4588.0;4589.0;0.021795989537924547;107943466
progress;6.225.072;4588.0;4589.0;0.021795989537924547;108002587
progress;6.228.072;4588.0;4589.0;0.021795989537924547;108066265
progress;6.231.138;4588.0;4589.0;0.021795989537924547;108137473
progress;6234.22;4588.0;4589.0;0.021795989537924547;108205338
progress;6237.22;4588.0;4589.0;0.021795989537924547;108255517
progress;6.240.388;4588.0;4589.0;0.021795989537924547;108305269
progress;6.243.425;4588.0;4589.0;0.021795989537924547;108366462
progress;6.246.602;4588.0;4589.0;0.021795989537924547;108439623
progress;6.249.602;4588.0;4589.0;0.021795989537924547;108511068
progress;6.254.176;4588.0;4589.0;0.021795989537924547;108555276
progress;6.257.176;4588.0;4589.0;0.021795989537924547;108639957
progress;6.260.176;4588.0;4589.0;0.021795989537924547;108728277
progress;6.263.195;4588.0;4589.0;0.021795989537924547;108816140
progress;6.266.251;4588.0;4589.0;0.021795989537924547;108908260
progress;6.269.323;4588.0;4589.0;0.021795989537924547;108999932
progress;6.272.323;4588.0;4589.0;0.021795989537924547;109092563
progress;6.275.323;4588.0;4589.0;0.021795989537924547;109173799
progress;6.278.323;4588.0;4589.0;0.021795989537924547;109274845
progress;6.281.355;4588.0;4589.0;0.021795989537924547;109388778
progress;6.284.447;4588.0;4589.0;0.021795989537924547;109497235
progress;6.287.498;4588.0;4589.0;0.021795989537924547;109605439
progress;6.290.498;4588.0;4589.0;0.021795989537924547;109723575
progress;6.293.498;4588.0;4589.0;0.021795989537924547;109834839
progress;6.296.534;4588.0;4589.0;0.021795989537924547;109956824
progress;6.299.534;4588.0;4589.0;0.021795989537924547;110079175
progress;6.302.575;4588.0;4589.0;0.021795989537924547;110211012
progress;6.305.598;4588.0;4589.0;0.021795989537924547;110339854
progress;6.308.682;4588.0;4589.0;0.021795989537924547;110468386
progress;6.311.714;4588.0;4589.0;0.021795989537924547;110597320
progress;6.314.714;4588.0;4589.0;0.021795989537924547;110719700
progress;6.317.743;4588.0;4589.0;0.021795989537924547;110854168
progress;6.320.743;4588.0;4589.0;0.021795989537924547;110991183
progress;6.323.743;4588.0;4589.0;0.021795989537924547;111109441
progress;6.326.744;4588.0;4589.0;0.021795989537924547;111197697
incumbent;6.328.691;4588.0;4588.0;0.0;
